InjectedId,SourceGame,SourceCategory,SourceRowId
4000000,DSR,Weapon,100000
4000001,DSR,Weapon,100100
4000002,DSR,Weapon,100200
4000003,DSR,Weapon,100300
4000004,DSR,Weapon,100400
4000005,DSR,Weapon,100500
4000006,DSR,Weapon,100600
4000007,DSR,Weapon,100700
4000008,DSR,Weapon,100800
4000009,DSR,Weapon,100900
4000010,DSR,Weapon,101000
4000011,DSR,Weapon,101100
4000012,DSR,Weapon,101200
4000013,DSR,Weapon,101300
4000014,DSR,Weapon,101400
4000015,DSR,Weapon,101500
4000016,DSR,Weapon,101600
4000017,DSR,Weapon,101700
4000018,DSR,Weapon,101800
4000019,DSR,Weapon,101900
4000020,DSR,Weapon,102000
4000021,DSR,Weapon,103000
4000022,DSR,Weapon,103100
4000023,DSR,Weapon,103200
4000024,DSR,Weapon,103300
4000025,DSR,Weapon,103400
4000026,DSR,Weapon,103500
4000027,DSR,Weapon,103600
4000028,DSR,Weapon,103700
4000029,DSR,Weapon,103800
4000030,DSR,Weapon,103900
4000031,DSR,Weapon,104000
4000032,DSR,Weapon,199000
4000033,DSR,Weapon,200000
4000034,DSR,Weapon,200100
4000035,DSR,Weapon,200200
4000036,DSR,Weapon,200300
4000037,DSR,Weapon,200400
4000038,DSR,Weapon,200500
4000039,DSR,Weapon,200600
4000040,DSR,Weapon,200700
4000041,DSR,Weapon,200800
4000042,DSR,Weapon,200900
4000043,DSR,Weapon,201000
4000044,DSR,Weapon,201100
4000045,DSR,Weapon,201200
4000046,DSR,Weapon,201300
4000047,DSR,Weapon,201400
4000048,DSR,Weapon,201500
4000049,DSR,Weapon,201600
4000050,DSR,Weapon,201700
4000051,DSR,Weapon,201800
4000052,DSR,Weapon,201900
4000053,DSR,Weapon,202000
4000054,DSR,Weapon,202100
4000055,DSR,Weapon,202200
4000056,DSR,Weapon,202300
4000057,DSR,Weapon,202400
4000058,DSR,Weapon,202500
4000059,DSR,Weapon,202600
4000060,DSR,Weapon,202700
4000061,DSR,Weapon,202800
4000062,DSR,Weapon,202900
4000063,DSR,Weapon,203000
4000064,DSR,Weapon,203100
4000065,DSR,Weapon,203200
4000066,DSR,Weapon,203300
4000067,DSR,Weapon,203400
4000068,DSR,Weapon,203500
4000069,DSR,Weapon,203600
4000070,DSR,Weapon,203700
4000071,DSR,Weapon,203800
4000072,DSR,Weapon,203900
4000073,DSR,Weapon,204000
4000074,DSR,Weapon,204100
4000075,DSR,Weapon,204200
4000076,DSR,Weapon,204300
4000077,DSR,Weapon,204400
4000078,DSR,Weapon,204500
4000079,DSR,Weapon,204600
4000080,DSR,Weapon,204700
4000081,DSR,Weapon,204800
4000082,DSR,Weapon,204900
4000083,DSR,Weapon,205000
4000084,DSR,Weapon,206000
4000085,DSR,Weapon,206100
4000086,DSR,Weapon,206200
4000087,DSR,Weapon,206300
4000088,DSR,Weapon,206400
4000089,DSR,Weapon,206500
4000090,DSR,Weapon,206600
4000091,DSR,Weapon,206700
4000092,DSR,Weapon,206800
4000093,DSR,Weapon,206900
4000094,DSR,Weapon,207000
4000095,DSR,Weapon,207100
4000096,DSR,Weapon,207200
4000097,DSR,Weapon,207300
4000098,DSR,Weapon,207400
4000099,DSR,Weapon,207500
4000100,DSR,Weapon,207600
4000101,DSR,Weapon,207700
4000102,DSR,Weapon,207800
4000103,DSR,Weapon,207900
4000104,DSR,Weapon,208000
4000105,DSR,Weapon,209000
4000106,DSR,Weapon,210000
4000107,DSR,Weapon,210100
4000108,DSR,Weapon,210200
4000109,DSR,Weapon,210300
4000110,DSR,Weapon,210400
4000111,DSR,Weapon,210500
4000112,DSR,Weapon,210600
4000113,DSR,Weapon,210700
4000114,DSR,Weapon,210800
4000115,DSR,Weapon,210900
4000116,DSR,Weapon,211000
4000117,DSR,Weapon,212000
4000118,DSR,Weapon,212100
4000119,DSR,Weapon,212200
4000120,DSR,Weapon,212300
4000121,DSR,Weapon,212400
4000122,DSR,Weapon,212500
4000123,DSR,Weapon,212600
4000124,DSR,Weapon,212700
4000125,DSR,Weapon,212800
4000126,DSR,Weapon,212900
4000127,DSR,Weapon,299000
4000128,DSR,Weapon,300000
4000129,DSR,Weapon,300100
4000130,DSR,Weapon,300200
4000131,DSR,Weapon,300300
4000132,DSR,Weapon,300400
4000133,DSR,Weapon,300500
4000134,DSR,Weapon,300600
4000135,DSR,Weapon,300700
4000136,DSR,Weapon,300800
4000137,DSR,Weapon,300900
4000138,DSR,Weapon,301000
4000139,DSR,Weapon,301100
4000140,DSR,Weapon,301200
4000141,DSR,Weapon,301300
4000142,DSR,Weapon,301400
4000143,DSR,Weapon,301500
4000144,DSR,Weapon,301600
4000145,DSR,Weapon,301700
4000146,DSR,Weapon,301800
4000147,DSR,Weapon,301900
4000148,DSR,Weapon,302000
4000149,DSR,Weapon,302100
4000150,DSR,Weapon,302200
4000151,DSR,Weapon,302300
4000152,DSR,Weapon,302400
4000153,DSR,Weapon,302500
4000154,DSR,Weapon,302600
4000155,DSR,Weapon,302700
4000156,DSR,Weapon,302800
4000157,DSR,Weapon,302900
4000158,DSR,Weapon,303000
4000159,DSR,Weapon,303100
4000160,DSR,Weapon,303200
4000161,DSR,Weapon,303300
4000162,DSR,Weapon,303400
4000163,DSR,Weapon,303500
4000164,DSR,Weapon,303600
4000165,DSR,Weapon,303700
4000166,DSR,Weapon,303800
4000167,DSR,Weapon,303900
4000168,DSR,Weapon,304000
4000169,DSR,Weapon,306000
4000170,DSR,Weapon,307000
4000171,DSR,Weapon,307100
4000172,DSR,Weapon,309000
4000173,DSR,Weapon,310000
4000174,DSR,Weapon,311000
4000175,DSR,Weapon,311100
4000176,DSR,Weapon,311200
4000177,DSR,Weapon,311300
4000178,DSR,Weapon,311400
4000179,DSR,Weapon,311500
4000180,DSR,Weapon,311600
4000181,DSR,Weapon,311700
4000182,DSR,Weapon,311800
4000183,DSR,Weapon,311900
4000184,DSR,Weapon,312000
4000185,DSR,Weapon,312100
4000186,DSR,Weapon,312200
4000187,DSR,Weapon,312300
4000188,DSR,Weapon,312400
4000189,DSR,Weapon,312500
4000190,DSR,Weapon,312600
4000191,DSR,Weapon,312700
4000192,DSR,Weapon,314000
4000193,DSR,Weapon,314100
4000194,DSR,Weapon,314200
4000195,DSR,Weapon,314300
4000196,DSR,Weapon,314400
4000197,DSR,Weapon,314500
4000198,DSR,Weapon,314600
4000199,DSR,Weapon,314700
4000200,DSR,Weapon,314800
4000201,DSR,Weapon,314900
4000202,DSR,Weapon,315000
4000203,DSR,Weapon,315100
4000204,DSR,Weapon,315200
4000205,DSR,Weapon,315300
4000206,DSR,Weapon,315400
4000207,DSR,Weapon,315500
4000208,DSR,Weapon,315600
4000209,DSR,Weapon,315700
4000210,DSR,Weapon,350000
4000211,DSR,Weapon,350100
4000212,DSR,Weapon,350200
4000213,DSR,Weapon,350300
4000214,DSR,Weapon,350400
4000215,DSR,Weapon,350500
4000216,DSR,Weapon,350600
4000217,DSR,Weapon,350700
4000218,DSR,Weapon,350800
4000219,DSR,Weapon,350900
4000220,DSR,Weapon,351000
4000221,DSR,Weapon,351100
4000222,DSR,Weapon,351200
4000223,DSR,Weapon,351300
4000224,DSR,Weapon,351400
4000225,DSR,Weapon,351500
4000226,DSR,Weapon,351600
4000227,DSR,Weapon,351700
4000228,DSR,Weapon,351800
4000229,DSR,Weapon,351900
4000230,DSR,Weapon,352000
4000231,DSR,Weapon,352100
4000232,DSR,Weapon,352200
4000233,DSR,Weapon,352300
4000234,DSR,Weapon,352400
4000235,DSR,Weapon,352500
4000236,DSR,Weapon,352600
4000237,DSR,Weapon,352700
4000238,DSR,Weapon,352800
4000239,DSR,Weapon,352900
4000240,DSR,Weapon,354000
4000241,DSR,Weapon,355000
4000242,DSR,Weapon,398000
4000243,DSR,Weapon,399000
4000244,DSR,Weapon,400000
4000245,DSR,Weapon,400100
4000246,DSR,Weapon,400200
4000247,DSR,Weapon,400300
4000248,DSR,Weapon,400400
4000249,DSR,Weapon,400500
4000250,DSR,Weapon,400600
4000251,DSR,Weapon,400700
4000252,DSR,Weapon,400800
4000253,DSR,Weapon,400900
4000254,DSR,Weapon,401000
4000255,DSR,Weapon,401100
4000256,DSR,Weapon,401200
4000257,DSR,Weapon,401300
4000258,DSR,Weapon,401400
4000259,DSR,Weapon,401500
4000260,DSR,Weapon,401600
4000261,DSR,Weapon,401700
4000262,DSR,Weapon,401800
4000263,DSR,Weapon,401900
4000264,DSR,Weapon,402000
4000265,DSR,Weapon,402100
4000266,DSR,Weapon,402200
4000267,DSR,Weapon,402300
4000268,DSR,Weapon,402400
4000269,DSR,Weapon,402500
4000270,DSR,Weapon,402600
4000271,DSR,Weapon,402700
4000272,DSR,Weapon,402800
4000273,DSR,Weapon,402900
4000274,DSR,Weapon,403000
4000275,DSR,Weapon,405000
4000276,DSR,Weapon,405100
4000277,DSR,Weapon,405200
4000278,DSR,Weapon,405300
4000279,DSR,Weapon,405400
4000280,DSR,Weapon,405500
4000281,DSR,Weapon,405600
4000282,DSR,Weapon,405700
4000283,DSR,Weapon,405800
4000284,DSR,Weapon,405900
4000285,DSR,Weapon,406000
4000286,DSR,Weapon,406100
4000287,DSR,Weapon,406200
4000288,DSR,Weapon,406300
4000289,DSR,Weapon,406400
4000290,DSR,Weapon,406500
4000291,DSR,Weapon,450000
4000292,DSR,Weapon,450100
4000293,DSR,Weapon,450200
4000294,DSR,Weapon,450300
4000295,DSR,Weapon,450400
4000296,DSR,Weapon,450500
4000297,DSR,Weapon,450600
4000298,DSR,Weapon,450700
4000299,DSR,Weapon,450800
4000300,DSR,Weapon,450900
4000301,DSR,Weapon,451000
4000302,DSR,Weapon,451100
4000303,DSR,Weapon,451200
4000304,DSR,Weapon,451300
4000305,DSR,Weapon,451400
4000306,DSR,Weapon,451500
4000307,DSR,Weapon,451600
4000308,DSR,Weapon,451700
4000309,DSR,Weapon,451800
4000310,DSR,Weapon,451900
4000311,DSR,Weapon,453000
4000312,DSR,Weapon,498000
4000313,DSR,Weapon,499000
4000314,DSR,Weapon,500000
4000315,DSR,Weapon,500100
4000316,DSR,Weapon,500200
4000317,DSR,Weapon,500300
4000318,DSR,Weapon,500400
4000319,DSR,Weapon,500500
4000320,DSR,Weapon,500600
4000321,DSR,Weapon,500700
4000322,DSR,Weapon,500800
4000323,DSR,Weapon,500900
4000324,DSR,Weapon,501000
4000325,DSR,Weapon,501100
4000326,DSR,Weapon,501200
4000327,DSR,Weapon,501300
4000328,DSR,Weapon,501400
4000329,DSR,Weapon,501500
4000330,DSR,Weapon,501600
4000331,DSR,Weapon,501700
4000332,DSR,Weapon,501800
4000333,DSR,Weapon,501900
4000334,DSR,Weapon,502000
4000335,DSR,Weapon,502100
4000336,DSR,Weapon,502200
4000337,DSR,Weapon,502300
4000338,DSR,Weapon,502400
4000339,DSR,Weapon,502500
4000340,DSR,Weapon,502600
4000341,DSR,Weapon,502700
4000342,DSR,Weapon,502800
4000343,DSR,Weapon,502900
4000344,DSR,Weapon,503000
4000345,DSR,Weapon,503100
4000346,DSR,Weapon,503200
4000347,DSR,Weapon,599000
4000348,DSR,Weapon,600000
4000349,DSR,Weapon,600100
4000350,DSR,Weapon,600200
4000351,DSR,Weapon,600300
4000352,DSR,Weapon,600400
4000353,DSR,Weapon,600500
4000354,DSR,Weapon,600600
4000355,DSR,Weapon,600700
4000356,DSR,Weapon,600800
4000357,DSR,Weapon,600900
4000358,DSR,Weapon,601000
4000359,DSR,Weapon,601100
4000360,DSR,Weapon,601200
4000361,DSR,Weapon,601300
4000362,DSR,Weapon,601400
4000363,DSR,Weapon,601500
4000364,DSR,Weapon,601600
4000365,DSR,Weapon,601700
4000366,DSR,Weapon,601800
4000367,DSR,Weapon,601900
4000368,DSR,Weapon,602000
4000369,DSR,Weapon,602100
4000370,DSR,Weapon,602200
4000371,DSR,Weapon,602300
4000372,DSR,Weapon,602400
4000373,DSR,Weapon,602500
4000374,DSR,Weapon,602600
4000375,DSR,Weapon,602700
4000376,DSR,Weapon,602800
4000377,DSR,Weapon,602900
4000378,DSR,Weapon,603000
4000379,DSR,Weapon,604000
4000380,DSR,Weapon,604100
4000381,DSR,Weapon,604200
4000382,DSR,Weapon,604300
4000383,DSR,Weapon,604400
4000384,DSR,Weapon,604500
4000385,DSR,Weapon,604600
4000386,DSR,Weapon,604700
4000387,DSR,Weapon,604800
4000388,DSR,Weapon,604900
4000389,DSR,Weapon,699000
4000390,DSR,Weapon,700000
4000391,DSR,Weapon,700100
4000392,DSR,Weapon,700200
4000393,DSR,Weapon,700300
4000394,DSR,Weapon,700400
4000395,DSR,Weapon,700500
4000396,DSR,Weapon,700600
4000397,DSR,Weapon,700700
4000398,DSR,Weapon,700800
4000399,DSR,Weapon,700900
4000400,DSR,Weapon,701000
4000401,DSR,Weapon,701100
4000402,DSR,Weapon,701200
4000403,DSR,Weapon,701300
4000404,DSR,Weapon,701400
4000405,DSR,Weapon,701500
4000406,DSR,Weapon,701600
4000407,DSR,Weapon,701700
4000408,DSR,Weapon,701800
4000409,DSR,Weapon,701900
4000410,DSR,Weapon,702000
4000411,DSR,Weapon,703000
4000412,DSR,Weapon,703100
4000413,DSR,Weapon,703200
4000414,DSR,Weapon,703300
4000415,DSR,Weapon,703400
4000416,DSR,Weapon,703500
4000417,DSR,Weapon,703600
4000418,DSR,Weapon,703700
4000419,DSR,Weapon,703800
4000420,DSR,Weapon,703900
4000421,DSR,Weapon,704000
4000422,DSR,Weapon,704100
4000423,DSR,Weapon,704200
4000424,DSR,Weapon,704300
4000425,DSR,Weapon,704400
4000426,DSR,Weapon,704500
4000427,DSR,Weapon,704600
4000428,DSR,Weapon,705000
4000429,DSR,Weapon,705100
4000430,DSR,Weapon,705200
4000431,DSR,Weapon,705300
4000432,DSR,Weapon,705400
4000433,DSR,Weapon,705500
4000434,DSR,Weapon,705600
4000435,DSR,Weapon,705700
4000436,DSR,Weapon,705800
4000437,DSR,Weapon,705900
4000438,DSR,Weapon,750000
4000439,DSR,Weapon,750100
4000440,DSR,Weapon,750200
4000441,DSR,Weapon,750300
4000442,DSR,Weapon,750400
4000443,DSR,Weapon,750500
4000444,DSR,Weapon,750600
4000445,DSR,Weapon,750700
4000446,DSR,Weapon,750800
4000447,DSR,Weapon,750900
4000448,DSR,Weapon,751000
4000449,DSR,Weapon,751100
4000450,DSR,Weapon,751200
4000451,DSR,Weapon,751300
4000452,DSR,Weapon,751400
4000453,DSR,Weapon,751500
4000454,DSR,Weapon,751600
4000455,DSR,Weapon,751700
4000456,DSR,Weapon,751800
4000457,DSR,Weapon,751900
4000458,DSR,Weapon,752000
4000459,DSR,Weapon,753000
4000460,DSR,Weapon,798000
4000461,DSR,Weapon,799000
4000462,DSR,Weapon,800000
4000463,DSR,Weapon,800100
4000464,DSR,Weapon,800200
4000465,DSR,Weapon,800300
4000466,DSR,Weapon,800400
4000467,DSR,Weapon,800500
4000468,DSR,Weapon,800600
4000469,DSR,Weapon,800700
4000470,DSR,Weapon,800800
4000471,DSR,Weapon,800900
4000472,DSR,Weapon,801000
4000473,DSR,Weapon,801100
4000474,DSR,Weapon,801200
4000475,DSR,Weapon,801300
4000476,DSR,Weapon,801400
4000477,DSR,Weapon,801500
4000478,DSR,Weapon,801600
4000479,DSR,Weapon,801700
4000480,DSR,Weapon,801800
4000481,DSR,Weapon,801900
4000482,DSR,Weapon,802000
4000483,DSR,Weapon,802100
4000484,DSR,Weapon,802200
4000485,DSR,Weapon,802300
4000486,DSR,Weapon,802400
4000487,DSR,Weapon,802500
4000488,DSR,Weapon,802600
4000489,DSR,Weapon,802700
4000490,DSR,Weapon,802800
4000491,DSR,Weapon,802900
4000492,DSR,Weapon,803000
4000493,DSR,Weapon,803100
4000494,DSR,Weapon,803200
4000495,DSR,Weapon,803300
4000496,DSR,Weapon,803400
4000497,DSR,Weapon,803500
4000498,DSR,Weapon,803600
4000499,DSR,Weapon,803700
4000500,DSR,Weapon,803800
4000501,DSR,Weapon,803900
4000502,DSR,Weapon,804000
4000503,DSR,Weapon,804100
4000504,DSR,Weapon,804200
4000505,DSR,Weapon,804300
4000506,DSR,Weapon,804400
4000507,DSR,Weapon,804500
4000508,DSR,Weapon,804600
4000509,DSR,Weapon,804700
4000510,DSR,Weapon,804800
4000511,DSR,Weapon,804900
4000512,DSR,Weapon,809000
4000513,DSR,Weapon,809100
4000514,DSR,Weapon,809200
4000515,DSR,Weapon,809300
4000516,DSR,Weapon,809400
4000517,DSR,Weapon,809500
4000518,DSR,Weapon,809600
4000519,DSR,Weapon,809700
4000520,DSR,Weapon,809800
4000521,DSR,Weapon,809900
4000522,DSR,Weapon,810000
4000523,DSR,Weapon,810100
4000524,DSR,Weapon,810200
4000525,DSR,Weapon,810300
4000526,DSR,Weapon,810400
4000527,DSR,Weapon,810500
4000528,DSR,Weapon,810600
4000529,DSR,Weapon,810700
4000530,DSR,Weapon,810800
4000531,DSR,Weapon,810900
4000532,DSR,Weapon,811000
4000533,DSR,Weapon,812000
4000534,DSR,Weapon,850000
4000535,DSR,Weapon,850100
4000536,DSR,Weapon,850200
4000537,DSR,Weapon,850300
4000538,DSR,Weapon,850400
4000539,DSR,Weapon,850500
4000540,DSR,Weapon,850600
4000541,DSR,Weapon,850700
4000542,DSR,Weapon,850800
4000543,DSR,Weapon,850900
4000544,DSR,Weapon,851000
4000545,DSR,Weapon,852000
4000546,DSR,Weapon,852100
4000547,DSR,Weapon,852200
4000548,DSR,Weapon,852300
4000549,DSR,Weapon,852400
4000550,DSR,Weapon,852500
4000551,DSR,Weapon,852600
4000552,DSR,Weapon,852700
4000553,DSR,Weapon,852800
4000554,DSR,Weapon,852900
4000555,DSR,Weapon,854000
4000556,DSR,Weapon,855000
4000557,DSR,Weapon,855100
4000558,DSR,Weapon,855200
4000559,DSR,Weapon,855300
4000560,DSR,Weapon,855400
4000561,DSR,Weapon,855500
4000562,DSR,Weapon,855600
4000563,DSR,Weapon,855700
4000564,DSR,Weapon,855800
4000565,DSR,Weapon,855900
4000566,DSR,Weapon,856000
4000567,DSR,Weapon,856100
4000568,DSR,Weapon,856200
4000569,DSR,Weapon,856300
4000570,DSR,Weapon,856400
4000571,DSR,Weapon,856500
4000572,DSR,Weapon,856600
4000573,DSR,Weapon,856700
4000574,DSR,Weapon,856800
4000575,DSR,Weapon,856900
4000576,DSR,Weapon,857000
4000577,DSR,Weapon,857100
4000578,DSR,Weapon,898000
4000579,DSR,Weapon,899000
4000580,DSR,Weapon,900000
4000581,DSR,Weapon,901000
4000582,DSR,Weapon,901100
4000583,DSR,Weapon,901200
4000584,DSR,Weapon,901300
4000585,DSR,Weapon,901400
4000586,DSR,Weapon,901500
4000587,DSR,Weapon,901600
4000588,DSR,Weapon,901700
4000589,DSR,Weapon,901800
4000590,DSR,Weapon,901900
4000591,DSR,Weapon,902000
4000592,DSR,Weapon,902100
4000593,DSR,Weapon,902200
4000594,DSR,Weapon,902300
4000595,DSR,Weapon,902400
4000596,DSR,Weapon,902500
4000597,DSR,Weapon,902600
4000598,DSR,Weapon,902700
4000599,DSR,Weapon,902800
4000600,DSR,Weapon,902900
4000601,DSR,Weapon,903000
4000602,DSR,Weapon,903100
4000603,DSR,Weapon,904000
4000604,DSR,Weapon,999000
4000605,DSR,Weapon,1000000
4000606,DSR,Weapon,1000100
4000607,DSR,Weapon,1000200
4000608,DSR,Weapon,1000300
4000609,DSR,Weapon,1000400
4000610,DSR,Weapon,1000500
4000611,DSR,Weapon,1000600
4000612,DSR,Weapon,1000700
4000613,DSR,Weapon,1000800
4000614,DSR,Weapon,1000900
4000615,DSR,Weapon,1001000
4000616,DSR,Weapon,1001100
4000617,DSR,Weapon,1001200
4000618,DSR,Weapon,1001300
4000619,DSR,Weapon,1001400
4000620,DSR,Weapon,1001500
4000621,DSR,Weapon,1001600
4000622,DSR,Weapon,1001700
4000623,DSR,Weapon,1001800
4000624,DSR,Weapon,1001900
4000625,DSR,Weapon,1002000
4000626,DSR,Weapon,1002100
4000627,DSR,Weapon,1002200
4000628,DSR,Weapon,1002300
4000629,DSR,Weapon,1002400
4000630,DSR,Weapon,1002500
4000631,DSR,Weapon,1002600
4000632,DSR,Weapon,1002700
4000633,DSR,Weapon,1002800
4000634,DSR,Weapon,1002900
4000635,DSR,Weapon,1003000
4000636,DSR,Weapon,1004000
4000637,DSR,Weapon,1006000
4000638,DSR,Weapon,1050000
4000639,DSR,Weapon,1050100
4000640,DSR,Weapon,1050200
4000641,DSR,Weapon,1050300
4000642,DSR,Weapon,1050400
4000643,DSR,Weapon,1050500
4000644,DSR,Weapon,1050600
4000645,DSR,Weapon,1050700
4000646,DSR,Weapon,1050800
4000647,DSR,Weapon,1050900
4000648,DSR,Weapon,1051000
4000649,DSR,Weapon,1051100
4000650,DSR,Weapon,1051200
4000651,DSR,Weapon,1051300
4000652,DSR,Weapon,1051400
4000653,DSR,Weapon,1051500
4000654,DSR,Weapon,1051600
4000655,DSR,Weapon,1051700
4000656,DSR,Weapon,1051800
4000657,DSR,Weapon,1051900
4000658,DSR,Weapon,1052000
4000659,DSR,Weapon,1052100
4000660,DSR,Weapon,1052200
4000661,DSR,Weapon,1052300
4000662,DSR,Weapon,1052400
4000663,DSR,Weapon,1052500
4000664,DSR,Weapon,1052600
4000665,DSR,Weapon,1052700
4000666,DSR,Weapon,1052800
4000667,DSR,Weapon,1052900
4000668,DSR,Weapon,1053000
4000669,DSR,Weapon,1054000
4000670,DSR,Weapon,1099000
4000671,DSR,Weapon,1100000
4000672,DSR,Weapon,1100100
4000673,DSR,Weapon,1100200
4000674,DSR,Weapon,1100300
4000675,DSR,Weapon,1100400
4000676,DSR,Weapon,1100500
4000677,DSR,Weapon,1100600
4000678,DSR,Weapon,1100700
4000679,DSR,Weapon,1100800
4000680,DSR,Weapon,1100900
4000681,DSR,Weapon,1101000
4000682,DSR,Weapon,1102000
4000683,DSR,Weapon,1103000
4000684,DSR,Weapon,1103100
4000685,DSR,Weapon,1103200
4000686,DSR,Weapon,1103300
4000687,DSR,Weapon,1103400
4000688,DSR,Weapon,1103500
4000689,DSR,Weapon,1103600
4000690,DSR,Weapon,1103700
4000691,DSR,Weapon,1103800
4000692,DSR,Weapon,1103900
4000693,DSR,Weapon,1105000
4000694,DSR,Weapon,1106000
4000695,DSR,Weapon,1106100
4000696,DSR,Weapon,1106200
4000697,DSR,Weapon,1106300
4000698,DSR,Weapon,1106400
4000699,DSR,Weapon,1106500
4000700,DSR,Weapon,1106600
4000701,DSR,Weapon,1106700
4000702,DSR,Weapon,1106800
4000703,DSR,Weapon,1106900
4000704,DSR,Weapon,1107000
4000705,DSR,Weapon,1107100
4000706,DSR,Weapon,1107200
4000707,DSR,Weapon,1107300
4000708,DSR,Weapon,1107400
4000709,DSR,Weapon,1107500
4000710,DSR,Weapon,1107600
4000711,DSR,Weapon,1107700
4000712,DSR,Weapon,1107800
4000713,DSR,Weapon,1107900
4000714,DSR,Weapon,1150000
4000715,DSR,Weapon,1150100
4000716,DSR,Weapon,1150200
4000717,DSR,Weapon,1150300
4000718,DSR,Weapon,1150400
4000719,DSR,Weapon,1150500
4000720,DSR,Weapon,1150600
4000721,DSR,Weapon,1150700
4000722,DSR,Weapon,1150800
4000723,DSR,Weapon,1150900
4000724,DSR,Weapon,1151000
4000725,DSR,Weapon,1151100
4000726,DSR,Weapon,1151200
4000727,DSR,Weapon,1151300
4000728,DSR,Weapon,1151400
4000729,DSR,Weapon,1151500
4000730,DSR,Weapon,1151600
4000731,DSR,Weapon,1151700
4000732,DSR,Weapon,1151800
4000733,DSR,Weapon,1199000
4000734,DSR,Weapon,1200000
4000735,DSR,Weapon,1200100
4000736,DSR,Weapon,1200200
4000737,DSR,Weapon,1200300
4000738,DSR,Weapon,1200400
4000739,DSR,Weapon,1200500
4000740,DSR,Weapon,1200600
4000741,DSR,Weapon,1200700
4000742,DSR,Weapon,1200800
4000743,DSR,Weapon,1200900
4000744,DSR,Weapon,1201000
4000745,DSR,Weapon,1201100
4000746,DSR,Weapon,1201200
4000747,DSR,Weapon,1201300
4000748,DSR,Weapon,1201400
4000749,DSR,Weapon,1201500
4000750,DSR,Weapon,1201600
4000751,DSR,Weapon,1201700
4000752,DSR,Weapon,1201800
4000753,DSR,Weapon,1201900
4000754,DSR,Weapon,1202000
4000755,DSR,Weapon,1202100
4000756,DSR,Weapon,1202200
4000757,DSR,Weapon,1202300
4000758,DSR,Weapon,1202400
4000759,DSR,Weapon,1202500
4000760,DSR,Weapon,1202600
4000761,DSR,Weapon,1202700
4000762,DSR,Weapon,1202800
4000763,DSR,Weapon,1202900
4000764,DSR,Weapon,1203000
4000765,DSR,Weapon,1204000
4000766,DSR,Weapon,1204100
4000767,DSR,Weapon,1204200
4000768,DSR,Weapon,1204300
4000769,DSR,Weapon,1204400
4000770,DSR,Weapon,1204500
4000771,DSR,Weapon,1204600
4000772,DSR,Weapon,1204700
4000773,DSR,Weapon,1204800
4000774,DSR,Weapon,1204900
4000775,DSR,Weapon,1205000
4000776,DSR,Weapon,1205100
4000777,DSR,Weapon,1205200
4000778,DSR,Weapon,1205300
4000779,DSR,Weapon,1250000
4000780,DSR,Weapon,1250100
4000781,DSR,Weapon,1250200
4000782,DSR,Weapon,1250400
4000783,DSR,Weapon,1250600
4000784,DSR,Weapon,1250800
4000785,DSR,Weapon,1251000
4000786,DSR,Weapon,1251100
4000787,DSR,Weapon,1251200
4000788,DSR,Weapon,1251400
4000789,DSR,Weapon,1251600
4000790,DSR,Weapon,1251800
4000791,DSR,Weapon,1252000
4000792,DSR,Weapon,1252100
4000793,DSR,Weapon,1252200
4000794,DSR,Weapon,1252400
4000795,DSR,Weapon,1252600
4000796,DSR,Weapon,1252800
4000797,DSR,Weapon,1253000
4000798,DSR,Weapon,1253100
4000799,DSR,Weapon,1253200
4000800,DSR,Weapon,1253400
4000801,DSR,Weapon,1253600
4000802,DSR,Weapon,1253800
4000803,DSR,Weapon,1298000
4000804,DSR,Weapon,1299000
4000805,DSR,Weapon,1300000
4000806,DSR,Weapon,1301000
4000807,DSR,Weapon,1302000
4000808,DSR,Weapon,1303000
4000809,DSR,Weapon,1304000
4000810,DSR,Weapon,1304100
4000811,DSR,Weapon,1304200
4000812,DSR,Weapon,1304300
4000813,DSR,Weapon,1304400
4000814,DSR,Weapon,1304500
4000815,DSR,Weapon,1305000
4000816,DSR,Weapon,1306000
4000817,DSR,Weapon,1307000
4000818,DSR,Weapon,1308000
4000819,DSR,Weapon,1330000
4000820,DSR,Weapon,1330100
4000821,DSR,Weapon,1330200
4000822,DSR,Weapon,1330300
4000823,DSR,Weapon,1330400
4000824,DSR,Weapon,1330500
4000825,DSR,Weapon,1330600
4000826,DSR,Weapon,1330700
4000827,DSR,Weapon,1330800
4000828,DSR,Weapon,1330900
4000829,DSR,Weapon,1331000
4000830,DSR,Weapon,1331100
4000831,DSR,Weapon,1331200
4000832,DSR,Weapon,1331300
4000833,DSR,Weapon,1331400
4000834,DSR,Weapon,1331500
4000835,DSR,Weapon,1332000
4000836,DSR,Weapon,1332100
4000837,DSR,Weapon,1332200
4000838,DSR,Weapon,1332300
4000839,DSR,Weapon,1332400
4000840,DSR,Weapon,1332500
4000841,DSR,Weapon,1360000
4000842,DSR,Weapon,1361000
4000843,DSR,Weapon,1362000
4000844,DSR,Weapon,1363000
4000845,DSR,Weapon,1365000
4000846,DSR,Weapon,1366000
4000847,DSR,Weapon,1367000
4000848,DSR,Weapon,1396000
4000849,DSR,Weapon,1397000
4000850,DSR,Weapon,1398000
4000851,DSR,Weapon,1399000
4000852,DSR,Weapon,1400000
4000853,DSR,Weapon,1400100
4000854,DSR,Weapon,1400200
4000855,DSR,Weapon,1400400
4000856,DSR,Weapon,1400600
4000857,DSR,Weapon,1400800
4000858,DSR,Weapon,1401000
4000859,DSR,Weapon,1401100
4000860,DSR,Weapon,1401200
4000861,DSR,Weapon,1401400
4000862,DSR,Weapon,1401600
4000863,DSR,Weapon,1401800
4000864,DSR,Weapon,1402000
4000865,DSR,Weapon,1402100
4000866,DSR,Weapon,1402200
4000867,DSR,Weapon,1402400
4000868,DSR,Weapon,1402600
4000869,DSR,Weapon,1402800
4000870,DSR,Weapon,1403000
4000871,DSR,Weapon,1403100
4000872,DSR,Weapon,1403200
4000873,DSR,Weapon,1403400
4000874,DSR,Weapon,1403600
4000875,DSR,Weapon,1403800
4000876,DSR,Weapon,1404000
4000877,DSR,Weapon,1404100
4000878,DSR,Weapon,1404200
4000879,DSR,Weapon,1404400
4000880,DSR,Weapon,1404600
4000881,DSR,Weapon,1404800
4000882,DSR,Weapon,1405000
4000883,DSR,Weapon,1405100
4000884,DSR,Weapon,1405200
4000885,DSR,Weapon,1405400
4000886,DSR,Weapon,1405600
4000887,DSR,Weapon,1405800
4000888,DSR,Weapon,1406000
4000889,DSR,Weapon,1406100
4000890,DSR,Weapon,1406200
4000891,DSR,Weapon,1406400
4000892,DSR,Weapon,1406600
4000893,DSR,Weapon,1406800
4000894,DSR,Weapon,1408000
4000895,DSR,Weapon,1408100
4000896,DSR,Weapon,1408200
4000897,DSR,Weapon,1408400
4000898,DSR,Weapon,1408600
4000899,DSR,Weapon,1408800
4000900,DSR,Weapon,1409000
4000901,DSR,Weapon,1409100
4000902,DSR,Weapon,1409200
4000903,DSR,Weapon,1409400
4000904,DSR,Weapon,1409600
4000905,DSR,Weapon,1409800
4000906,DSR,Weapon,1410000
4000907,DSR,Weapon,1410100
4000908,DSR,Weapon,1410200
4000909,DSR,Weapon,1410400
4000910,DSR,Weapon,1410600
4000911,DSR,Weapon,1410800
4000912,DSR,Weapon,1411000
4000913,DSR,Weapon,1411100
4000914,DSR,Weapon,1411200
4000915,DSR,Weapon,1411300
4000916,DSR,Weapon,1411400
4000917,DSR,Weapon,1411500
4000918,DSR,Weapon,1411600
4000919,DSR,Weapon,1411700
4000920,DSR,Weapon,1411800
4000921,DSR,Weapon,1411900
4000922,DSR,Weapon,1412000
4000923,DSR,Weapon,1412100
4000924,DSR,Weapon,1412200
4000925,DSR,Weapon,1412300
4000926,DSR,Weapon,1412400
4000927,DSR,Weapon,1412500
4000928,DSR,Weapon,1412600
4000929,DSR,Weapon,1412700
4000930,DSR,Weapon,1412800
4000931,DSR,Weapon,1412900
4000932,DSR,Weapon,1413000
4000933,DSR,Weapon,1413100
4000934,DSR,Weapon,1413200
4000935,DSR,Weapon,1413300
4000936,DSR,Weapon,1413400
4000937,DSR,Weapon,1413500
4000938,DSR,Weapon,1413600
4000939,DSR,Weapon,1413700
4000940,DSR,Weapon,1413800
4000941,DSR,Weapon,1413900
4000942,DSR,Weapon,1414000
4000943,DSR,Weapon,1414100
4000944,DSR,Weapon,1414200
4000945,DSR,Weapon,1414300
4000946,DSR,Weapon,1414400
4000947,DSR,Weapon,1414500
4000948,DSR,Weapon,1414600
4000949,DSR,Weapon,1450000
4000950,DSR,Weapon,1450100
4000951,DSR,Weapon,1450200
4000952,DSR,Weapon,1450400
4000953,DSR,Weapon,1450600
4000954,DSR,Weapon,1450800
4000955,DSR,Weapon,1451000
4000956,DSR,Weapon,1451100
4000957,DSR,Weapon,1451200
4000958,DSR,Weapon,1451400
4000959,DSR,Weapon,1451600
4000960,DSR,Weapon,1451800
4000961,DSR,Weapon,1452000
4000962,DSR,Weapon,1452100
4000963,DSR,Weapon,1452200
4000964,DSR,Weapon,1452400
4000965,DSR,Weapon,1452600
4000966,DSR,Weapon,1452800
4000967,DSR,Weapon,1453000
4000968,DSR,Weapon,1453100
4000969,DSR,Weapon,1453200
4000970,DSR,Weapon,1453400
4000971,DSR,Weapon,1453600
4000972,DSR,Weapon,1453800
4000973,DSR,Weapon,1454000
4000974,DSR,Weapon,1454100
4000975,DSR,Weapon,1454200
4000976,DSR,Weapon,1454400
4000977,DSR,Weapon,1454600
4000978,DSR,Weapon,1454800
4000979,DSR,Weapon,1455000
4000980,DSR,Weapon,1455100
4000981,DSR,Weapon,1455200
4000982,DSR,Weapon,1455400
4000983,DSR,Weapon,1455600
4000984,DSR,Weapon,1455800
4000985,DSR,Weapon,1456000
4000986,DSR,Weapon,1457000
4000987,DSR,Weapon,1460000
4000988,DSR,Weapon,1460100
4000989,DSR,Weapon,1460200
4000990,DSR,Weapon,1460400
4000991,DSR,Weapon,1460600
4000992,DSR,Weapon,1460800
4000993,DSR,Weapon,1461000
4000994,DSR,Weapon,1461100
4000995,DSR,Weapon,1461200
4000996,DSR,Weapon,1461400
4000997,DSR,Weapon,1461600
4000998,DSR,Weapon,1461800
4000999,DSR,Weapon,1462000
4001000,DSR,Weapon,1462100
4001001,DSR,Weapon,1462200
4001002,DSR,Weapon,1462400
4001003,DSR,Weapon,1462600
4001004,DSR,Weapon,1462800
4001005,DSR,Weapon,1470000
4001006,DSR,Weapon,1470100
4001007,DSR,Weapon,1470200
4001008,DSR,Weapon,1470400
4001009,DSR,Weapon,1470600
4001010,DSR,Weapon,1470800
4001011,DSR,Weapon,1471000
4001012,DSR,Weapon,1472000
4001013,DSR,Weapon,1472100
4001014,DSR,Weapon,1472200
4001015,DSR,Weapon,1472400
4001016,DSR,Weapon,1472600
4001017,DSR,Weapon,1472800
4001018,DSR,Weapon,1473000
4001019,DSR,Weapon,1474000
4001020,DSR,Weapon,1475000
4001021,DSR,Weapon,1475100
4001022,DSR,Weapon,1475200
4001023,DSR,Weapon,1475400
4001024,DSR,Weapon,1475600
4001025,DSR,Weapon,1475800
4001026,DSR,Weapon,1476000
4001027,DSR,Weapon,1476100
4001028,DSR,Weapon,1476200
4001029,DSR,Weapon,1476400
4001030,DSR,Weapon,1476600
4001031,DSR,Weapon,1476800
4001032,DSR,Weapon,1477000
4001033,DSR,Weapon,1477100
4001034,DSR,Weapon,1477200
4001035,DSR,Weapon,1477400
4001036,DSR,Weapon,1477600
4001037,DSR,Weapon,1477800
4001038,DSR,Weapon,1478000
4001039,DSR,Weapon,1478100
4001040,DSR,Weapon,1478200
4001041,DSR,Weapon,1478400
4001042,DSR,Weapon,1478600
4001043,DSR,Weapon,1478800
4001044,DSR,Weapon,1498000
4001045,DSR,Weapon,1499000
4001046,DSR,Weapon,1500000
4001047,DSR,Weapon,1500100
4001048,DSR,Weapon,1500200
4001049,DSR,Weapon,1500400
4001050,DSR,Weapon,1500600
4001051,DSR,Weapon,1500800
4001052,DSR,Weapon,1501000
4001053,DSR,Weapon,1501100
4001054,DSR,Weapon,1501200
4001055,DSR,Weapon,1501400
4001056,DSR,Weapon,1501600
4001057,DSR,Weapon,1501800
4001058,DSR,Weapon,1502000
4001059,DSR,Weapon,1502100
4001060,DSR,Weapon,1502200
4001061,DSR,Weapon,1502400
4001062,DSR,Weapon,1502600
4001063,DSR,Weapon,1502800
4001064,DSR,Weapon,1503000
4001065,DSR,Weapon,1505000
4001066,DSR,Weapon,1506000
4001067,DSR,Weapon,1506100
4001068,DSR,Weapon,1506200
4001069,DSR,Weapon,1506400
4001070,DSR,Weapon,1506600
4001071,DSR,Weapon,1506800
4001072,DSR,Weapon,1507000
4001073,DSR,Weapon,1507100
4001074,DSR,Weapon,1507200
4001075,DSR,Weapon,1507300
4001076,DSR,Weapon,1507400
4001077,DSR,Weapon,1507500
4001078,DSR,Weapon,1507600
4001079,DSR,Weapon,1507700
4001080,DSR,Weapon,1507800
4001081,DSR,Weapon,1507900
4001082,DSR,Weapon,1508000
4001083,DSR,Weapon,1508100
4001084,DSR,Weapon,1508200
4001085,DSR,Weapon,1508300
4001086,DSR,Weapon,1508400
4001087,DSR,Weapon,1508500
4001088,DSR,Weapon,1508600
4001089,DSR,Weapon,1508700
4001090,DSR,Weapon,1508800
4001091,DSR,Weapon,1508900
4001092,DSR,Weapon,1509000
4001093,DSR,Weapon,1509100
4001094,DSR,Weapon,1509200
4001095,DSR,Weapon,1509300
4001096,DSR,Weapon,1509400
4001097,DSR,Weapon,1509500
4001098,DSR,Weapon,1509600
4001099,DSR,Weapon,1509700
4001100,DSR,Weapon,1509800
4001101,DSR,Weapon,1509900
4001102,DSR,Weapon,1510000
4001103,DSR,Weapon,1510100
4001104,DSR,Weapon,1510200
4001105,DSR,Weapon,1510300
4001106,DSR,Weapon,1510400
4001107,DSR,Weapon,1510500
4001108,DSR,Weapon,1510600
4001109,DSR,Weapon,1599000
4001110,DSR,Weapon,1600000
4001111,DSR,Weapon,1600100
4001112,DSR,Weapon,1600200
4001113,DSR,Weapon,1600300
4001114,DSR,Weapon,1600400
4001115,DSR,Weapon,1600500
4001116,DSR,Weapon,1600600
4001117,DSR,Weapon,1600700
4001118,DSR,Weapon,1600800
4001119,DSR,Weapon,1600900
4001120,DSR,Weapon,1601000
4001121,DSR,Weapon,1601100
4001122,DSR,Weapon,1601200
4001123,DSR,Weapon,1601300
4001124,DSR,Weapon,1601400
4001125,DSR,Weapon,1601500
4001126,DSR,Weapon,1601600
4001127,DSR,Weapon,1601700
4001128,DSR,Weapon,1601800
4001129,DSR,Weapon,1601900
4001130,DSR,Weapon,1699000
4001131,DSR,Weapon,2000000
4001132,DSR,Weapon,2001000
4001133,DSR,Weapon,2002000
4001134,DSR,Weapon,2003000
4001135,DSR,Weapon,2004000
4001136,DSR,Weapon,2005000
4001137,DSR,Weapon,2006000
4001138,DSR,Weapon,2007000
4001139,DSR,Weapon,2008000
4001140,DSR,Weapon,2099000
4001141,DSR,Weapon,2100000
4001142,DSR,Weapon,2101000
4001143,DSR,Weapon,2102000
4001144,DSR,Weapon,2103000
4001145,DSR,Weapon,2104000
4001146,DSR,Weapon,2199000
4001147,DSR,Weapon,9000000
4001148,DSR,Weapon,9000100
4001149,DSR,Weapon,9000200
4001150,DSR,Weapon,9000400
4001151,DSR,Weapon,9000600
4001152,DSR,Weapon,9000800
4001153,DSR,Weapon,9001000
4001154,DSR,Weapon,9001100
4001155,DSR,Weapon,9001200
4001156,DSR,Weapon,9001400
4001157,DSR,Weapon,9001600
4001158,DSR,Weapon,9001800
4001159,DSR,Weapon,9002000
4001160,DSR,Weapon,9002100
4001161,DSR,Weapon,9002200
4001162,DSR,Weapon,9002400
4001163,DSR,Weapon,9002600
4001164,DSR,Weapon,9002800
4001165,DSR,Weapon,9003000
4001166,DSR,Weapon,9003100
4001167,DSR,Weapon,9003200
4001168,DSR,Weapon,9003400
4001169,DSR,Weapon,9003600
4001170,DSR,Weapon,9003800
4001171,DSR,Weapon,9004000
4001172,DSR,Weapon,9004100
4001173,DSR,Weapon,9004200
4001174,DSR,Weapon,9004400
4001175,DSR,Weapon,9004600
4001176,DSR,Weapon,9004800
4001177,DSR,Weapon,9005000
4001178,DSR,Weapon,9005100
4001179,DSR,Weapon,9005200
4001180,DSR,Weapon,9005400
4001181,DSR,Weapon,9005600
4001182,DSR,Weapon,9005800
4001183,DSR,Weapon,9006000
4001184,DSR,Weapon,9006100
4001185,DSR,Weapon,9006200
4001186,DSR,Weapon,9006400
4001187,DSR,Weapon,9006600
4001188,DSR,Weapon,9006800
4001189,DSR,Weapon,9007000
4001190,DSR,Weapon,9007100
4001191,DSR,Weapon,9007200
4001192,DSR,Weapon,9007400
4001193,DSR,Weapon,9007600
4001194,DSR,Weapon,9007800
4001195,DSR,Weapon,9010000
4001196,DSR,Weapon,9011000
4001197,DSR,Weapon,9012000
4001198,DSR,Weapon,9012100
4001199,DSR,Weapon,9012200
4001200,DSR,Weapon,9012300
4001201,DSR,Weapon,9012400
4001202,DSR,Weapon,9012500
4001203,DSR,Weapon,9012600
4001204,DSR,Weapon,9012700
4001205,DSR,Weapon,9012800
4001206,DSR,Weapon,9013000
4001207,DSR,Weapon,9013100
4001208,DSR,Weapon,9013200
4001209,DSR,Weapon,9013300
4001210,DSR,Weapon,9013400
4001211,DSR,Weapon,9013500
4001212,DSR,Weapon,9013600
4001213,DSR,Weapon,9013700
4001214,DSR,Weapon,9014000
4001215,DSR,Weapon,9015000
4001216,DSR,Weapon,9016000
4001217,DSR,Weapon,9016100
4001218,DSR,Weapon,9016200
4001219,DSR,Weapon,9016300
4001220,DSR,Weapon,9016400
4001221,DSR,Weapon,9016500
4001222,DSR,Weapon,9016600
4001223,DSR,Weapon,9016700
4001224,DSR,Weapon,9016800
4001225,DSR,Weapon,9016900
4001226,DSR,Weapon,9017000
4001227,DSR,Weapon,9017100
4001228,DSR,Weapon,9017200
4001229,DSR,Weapon,9017300
4001230,DSR,Weapon,9017400
4001231,DSR,Weapon,9017500
4001232,DSR,Weapon,9018000
4001233,DSR,Weapon,9019000
4001234,DSR,Weapon,9019100
4001235,DSR,Weapon,9019200
4001236,DSR,Weapon,9019300
4001237,DSR,Weapon,9019400
4001238,DSR,Weapon,9019500
4001239,DSR,Weapon,9019600
4001240,DSR,Weapon,9019700
4001241,DSR,Weapon,9019800
4001242,DSR,Weapon,9019900
4001243,DSR,Weapon,9020000
4001244,DSR,Weapon,9021000
4001245,DSR,Armor,1
4001246,DSR,Armor,1000
4001247,DSR,Armor,1100
4001248,DSR,Armor,1200
4001249,DSR,Armor,1300
4001250,DSR,Armor,1400
4001251,DSR,Armor,1500
4001252,DSR,Armor,1600
4001253,DSR,Armor,1700
4001254,DSR,Armor,1800
4001255,DSR,Armor,1900
4001256,DSR,Armor,2000
4001257,DSR,Armor,2100
4001258,DSR,Armor,2200
4001259,DSR,Armor,2300
4001260,DSR,Armor,2400
4001261,DSR,Armor,2500
4001262,DSR,Armor,2600
4001263,DSR,Armor,2700
4001264,DSR,Armor,2800
4001265,DSR,Armor,2900
4001266,DSR,Armor,3000
4001267,DSR,Armor,3100
4001268,DSR,Armor,3200
4001269,DSR,Armor,3300
4001270,DSR,Armor,3400
4001271,DSR,Armor,3500
4001272,DSR,Armor,3600
4001273,DSR,Armor,3700
4001274,DSR,Armor,3800
4001275,DSR,Armor,3900
4001276,DSR,Armor,4000
4001277,DSR,Armor,4100
4001278,DSR,Armor,4200
4001279,DSR,Armor,4300
4001280,DSR,Armor,4400
4001281,DSR,Armor,4500
4001282,DSR,Armor,4600
4001283,DSR,Armor,4700
4001284,DSR,Armor,4800
4001285,DSR,Armor,4900
4001286,DSR,Armor,5000
4001287,DSR,Armor,10000
4001288,DSR,Armor,11000
4001289,DSR,Armor,12000
4001290,DSR,Armor,13000
4001291,DSR,Armor,20000
4001292,DSR,Armor,21000
4001293,DSR,Armor,22000
4001294,DSR,Armor,23000
4001295,DSR,Armor,40000
4001296,DSR,Armor,41000
4001297,DSR,Armor,42000
4001298,DSR,Armor,43000
4001299,DSR,Armor,50000
4001300,DSR,Armor,51000
4001301,DSR,Armor,52000
4001302,DSR,Armor,53000
4001303,DSR,Armor,60000
4001304,DSR,Armor,61000
4001305,DSR,Armor,62000
4001306,DSR,Armor,63000
4001307,DSR,Armor,70000
4001308,DSR,Armor,71000
4001309,DSR,Armor,72000
4001310,DSR,Armor,73000
4001311,DSR,Armor,80000
4001312,DSR,Armor,81000
4001313,DSR,Armor,82000
4001314,DSR,Armor,83000
4001315,DSR,Armor,90000
4001316,DSR,Armor,91000
4001317,DSR,Armor,92000
4001318,DSR,Armor,93000
4001319,DSR,Armor,100000
4001320,DSR,Armor,101000
4001321,DSR,Armor,102000
4001322,DSR,Armor,103000
4001323,DSR,Armor,110000
4001324,DSR,Armor,111000
4001325,DSR,Armor,112000
4001326,DSR,Armor,113000
4001327,DSR,Armor,120000
4001328,DSR,Armor,121000
4001329,DSR,Armor,122000
4001330,DSR,Armor,123000
4001331,DSR,Armor,130000
4001332,DSR,Armor,131000
4001333,DSR,Armor,132000
4001334,DSR,Armor,133000
4001335,DSR,Armor,140000
4001336,DSR,Armor,141000
4001337,DSR,Armor,142000
4001338,DSR,Armor,143000
4001339,DSR,Armor,150000
4001340,DSR,Armor,151000
4001341,DSR,Armor,152000
4001342,DSR,Armor,153000
4001343,DSR,Armor,160000
4001344,DSR,Armor,161000
4001345,DSR,Armor,162000
4001346,DSR,Armor,163000
4001347,DSR,Armor,170000
4001348,DSR,Armor,171000
4001349,DSR,Armor,172000
4001350,DSR,Armor,173000
4001351,DSR,Armor,180000
4001352,DSR,Armor,181000
4001353,DSR,Armor,182000
4001354,DSR,Armor,183000
4001355,DSR,Armor,190000
4001356,DSR,Armor,200000
4001357,DSR,Armor,201000
4001358,DSR,Armor,202000
4001359,DSR,Armor,203000
4001360,DSR,Armor,210000
4001361,DSR,Armor,211000
4001362,DSR,Armor,212000
4001363,DSR,Armor,213000
4001364,DSR,Armor,220000
4001365,DSR,Armor,221000
4001366,DSR,Armor,222000
4001367,DSR,Armor,223000
4001368,DSR,Armor,230000
4001369,DSR,Armor,231000
4001370,DSR,Armor,232000
4001371,DSR,Armor,233000
4001372,DSR,Armor,240000
4001373,DSR,Armor,241000
4001374,DSR,Armor,242000
4001375,DSR,Armor,243000
4001376,DSR,Armor,250000
4001377,DSR,Armor,251000
4001378,DSR,Armor,252000
4001379,DSR,Armor,253000
4001380,DSR,Armor,270000
4001381,DSR,Armor,271000
4001382,DSR,Armor,272000
4001383,DSR,Armor,273000
4001384,DSR,Armor,280000
4001385,DSR,Armor,281000
4001386,DSR,Armor,282000
4001387,DSR,Armor,283000
4001388,DSR,Armor,290000
4001389,DSR,Armor,291000
4001390,DSR,Armor,292000
4001391,DSR,Armor,293000
4001392,DSR,Armor,300000
4001393,DSR,Armor,301000
4001394,DSR,Armor,302000
4001395,DSR,Armor,303000
4001396,DSR,Armor,310000
4001397,DSR,Armor,311000
4001398,DSR,Armor,312000
4001399,DSR,Armor,313000
4001400,DSR,Armor,320000
4001401,DSR,Armor,321000
4001402,DSR,Armor,322000
4001403,DSR,Armor,323000
4001404,DSR,Armor,330000
4001405,DSR,Armor,331000
4001406,DSR,Armor,332000
4001407,DSR,Armor,333000
4001408,DSR,Armor,340000
4001409,DSR,Armor,341000
4001410,DSR,Armor,342000
4001411,DSR,Armor,343000
4001412,DSR,Armor,350000
4001413,DSR,Armor,351000
4001414,DSR,Armor,352000
4001415,DSR,Armor,353000
4001416,DSR,Armor,360000
4001417,DSR,Armor,361000
4001418,DSR,Armor,362000
4001419,DSR,Armor,363000
4001420,DSR,Armor,370000
4001421,DSR,Armor,371000
4001422,DSR,Armor,372000
4001423,DSR,Armor,373000
4001424,DSR,Armor,380000
4001425,DSR,Armor,381000
4001426,DSR,Armor,382000
4001427,DSR,Armor,383000
4001428,DSR,Armor,390000
4001429,DSR,Armor,391000
4001430,DSR,Armor,392000
4001431,DSR,Armor,393000
4001432,DSR,Armor,400000
4001433,DSR,Armor,401000
4001434,DSR,Armor,402000
4001435,DSR,Armor,403000
4001436,DSR,Armor,410000
4001437,DSR,Armor,411000
4001438,DSR,Armor,412000
4001439,DSR,Armor,413000
4001440,DSR,Armor,420000
4001441,DSR,Armor,421000
4001442,DSR,Armor,422000
4001443,DSR,Armor,423000
4001444,DSR,Armor,440000
4001445,DSR,Armor,441000
4001446,DSR,Armor,442000
4001447,DSR,Armor,443000
4001448,DSR,Armor,450000
4001449,DSR,Armor,451000
4001450,DSR,Armor,452000
4001451,DSR,Armor,453000
4001452,DSR,Armor,460000
4001453,DSR,Armor,461000
4001454,DSR,Armor,462000
4001455,DSR,Armor,463000
4001456,DSR,Armor,470000
4001457,DSR,Armor,471000
4001458,DSR,Armor,472000
4001459,DSR,Armor,473000
4001460,DSR,Armor,480000
4001461,DSR,Armor,481000
4001462,DSR,Armor,483000
4001463,DSR,Armor,490000
4001464,DSR,Armor,491000
4001465,DSR,Armor,492000
4001466,DSR,Armor,493000
4001467,DSR,Armor,500000
4001468,DSR,Armor,501000
4001469,DSR,Armor,503000
4001470,DSR,Armor,510000
4001471,DSR,Armor,511000
4001472,DSR,Armor,512000
4001473,DSR,Armor,513000
4001474,DSR,Armor,520000
4001475,DSR,Armor,521000
4001476,DSR,Armor,523000
4001477,DSR,Armor,530000
4001478,DSR,Armor,531000
4001479,DSR,Armor,532000
4001480,DSR,Armor,533000
4001481,DSR,Armor,540000
4001482,DSR,Armor,541000
4001483,DSR,Armor,542000
4001484,DSR,Armor,543000
4001485,DSR,Armor,550000
4001486,DSR,Armor,551000
4001487,DSR,Armor,552000
4001488,DSR,Armor,553000
4001489,DSR,Armor,560000
4001490,DSR,Armor,570000
4001491,DSR,Armor,580000
4001492,DSR,Armor,590000
4001493,DSR,Armor,600000
4001494,DSR,Armor,610000
4001495,DSR,Armor,620000
4001496,DSR,Armor,630000
4001497,DSR,Armor,640000
4001498,DSR,Armor,641000
4001499,DSR,Armor,642000
4001500,DSR,Armor,643000
4001501,DSR,Armor,650000
4001502,DSR,Armor,651000
4001503,DSR,Armor,652000
4001504,DSR,Armor,653000
4001505,DSR,Armor,660000
4001506,DSR,Armor,661000
4001507,DSR,Armor,662000
4001508,DSR,Armor,663000
4001509,DSR,Armor,670000
4001510,DSR,Armor,671000
4001511,DSR,Armor,672000
4001512,DSR,Armor,673000
4001513,DSR,Armor,680000
4001514,DSR,Armor,681000
4001515,DSR,Armor,682000
4001516,DSR,Armor,683000
4001517,DSR,Armor,690000
4001518,DSR,Armor,691000
4001519,DSR,Armor,692000
4001520,DSR,Armor,693000
4001521,DSR,Armor,700000
4001522,DSR,Armor,701000
4001523,DSR,Armor,702000
4001524,DSR,Armor,703000
4001525,DSR,Armor,710000
4001526,DSR,Armor,720000
4001527,DSR,Armor,900000
4001528,DSR,Armor,901000
4001529,DSR,Armor,902000
4001530,DSR,Armor,903000
4001531,DSR,Armor,950000
4001532,DSR,Armor,951000
4001533,DSR,Armor,952000
4001534,DSR,Armor,953000
4001535,DSR,Armor,1000000
4001536,DSR,Armor,1001000
4001537,DSR,Armor,1002000
4001538,DSR,Armor,1003000
4001539,DSR,Armor,1010000
4001540,DSR,Armor,1020000
4001541,DSR,Armor,2160000
4001542,DSR,Armor,2161000
4001543,DSR,Armor,2162000
4001544,DSR,Armor,2163000
4001545,DSR,Armor,2170000
4001546,DSR,Armor,2171000
4001547,DSR,Armor,2172000
4001548,DSR,Armor,2173000
4001549,DSR,Armor,2180000
4001550,DSR,Armor,2181000
4001551,DSR,Armor,2182000
4001552,DSR,Armor,2183000
4001553,DSR,Armor,2230000
4001554,DSR,Armor,2231000
4001555,DSR,Armor,2232000
4001556,DSR,Armor,2233000
4001557,DSR,Armor,2350000
4001558,DSR,Armor,2351000
4001559,DSR,Armor,2352000
4001560,DSR,Armor,2353000
4001561,DSR,Armor,2410000
4001562,DSR,Armor,2411000
4001563,DSR,Armor,2412000
4001564,DSR,Armor,2413000
4001565,DSR,Armor,2640000
4001566,DSR,Armor,2641000
4001567,DSR,Armor,2642000
4001568,DSR,Armor,2643000
4001569,DSR,Accessory,100
4001570,DSR,Accessory,101
4001571,DSR,Accessory,102
4001572,DSR,Accessory,103
4001573,DSR,Accessory,104
4001574,DSR,Accessory,105
4001575,DSR,Accessory,106
4001576,DSR,Accessory,107
4001577,DSR,Accessory,108
4001578,DSR,Accessory,109
4001579,DSR,Accessory,110
4001580,DSR,Accessory,111
4001581,DSR,Accessory,113
4001582,DSR,Accessory,114
4001583,DSR,Accessory,115
4001584,DSR,Accessory,116
4001585,DSR,Accessory,117
4001586,DSR,Accessory,119
4001587,DSR,Accessory,120
4001588,DSR,Accessory,121
4001589,DSR,Accessory,122
4001590,DSR,Accessory,123
4001591,DSR,Accessory,124
4001592,DSR,Accessory,125
4001593,DSR,Accessory,126
4001594,DSR,Accessory,127
4001595,DSR,Accessory,128
4001596,DSR,Accessory,130
4001597,DSR,Accessory,137
4001598,DSR,Accessory,138
4001599,DSR,Accessory,139
4001600,DSR,Accessory,141
4001601,DSR,Accessory,142
4001602,DSR,Accessory,143
4001603,DSR,Accessory,144
4001604,DSR,Accessory,145
4001605,DSR,Accessory,146
4001606,DSR,Accessory,147
4001607,DSR,Accessory,148
4001608,DSR,Accessory,149
4001609,DSR,Accessory,150
4001610,DSR,Goods,100
4001611,DSR,Goods,101
4001612,DSR,Goods,102
4001613,DSR,Goods,103
4001614,DSR,Goods,106
4001615,DSR,Goods,108
4001616,DSR,Goods,109
4001617,DSR,Goods,111
4001618,DSR,Goods,112
4001619,DSR,Goods,113
4001620,DSR,Goods,114
4001621,DSR,Goods,115
4001622,DSR,Goods,116
4001623,DSR,Goods,117
4001624,DSR,Goods,118
4001625,DSR,Goods,130
4001626,DSR,Goods,131
4001627,DSR,Goods,132
4001628,DSR,Goods,133
4001629,DSR,Goods,134
4001630,DSR,Goods,135
4001631,DSR,Goods,136
4001632,DSR,Goods,137
4001633,DSR,Goods,138
4001634,DSR,Goods,139
4001635,DSR,Goods,140
4001636,DSR,Goods,141
4001637,DSR,Goods,142
4001638,DSR,Goods,143
4001639,DSR,Goods,144
4001640,DSR,Goods,145
4001641,DSR,Goods,200
4001642,DSR,Goods,201
4001643,DSR,Goods,202
4001644,DSR,Goods,203
4001645,DSR,Goods,204
4001646,DSR,Goods,205
4001647,DSR,Goods,206
4001648,DSR,Goods,207
4001649,DSR,Goods,208
4001650,DSR,Goods,209
4001651,DSR,Goods,210
4001652,DSR,Goods,211
4001653,DSR,Goods,212
4001654,DSR,Goods,213
4001655,DSR,Goods,214
4001656,DSR,Goods,215
4001657,DSR,Goods,220
4001658,DSR,Goods,230
4001659,DSR,Goods,240
4001660,DSR,Goods,260
4001661,DSR,Goods,270
4001662,DSR,Goods,271
4001663,DSR,Goods,272
4001664,DSR,Goods,274
4001665,DSR,Goods,275
4001666,DSR,Goods,280
4001667,DSR,Goods,290
4001668,DSR,Goods,291
4001669,DSR,Goods,292
4001670,DSR,Goods,293
4001671,DSR,Goods,294
4001672,DSR,Goods,296
4001673,DSR,Goods,297
4001674,DSR,Goods,310
4001675,DSR,Goods,311
4001676,DSR,Goods,312
4001677,DSR,Goods,313
4001678,DSR,Goods,330
4001679,DSR,Goods,350
4001680,DSR,Goods,370
4001681,DSR,Goods,371
4001682,DSR,Goods,373
4001683,DSR,Goods,374
4001684,DSR,Goods,375
4001685,DSR,Goods,376
4001686,DSR,Goods,377
4001687,DSR,Goods,378
4001688,DSR,Goods,380
4001689,DSR,Goods,381
4001690,DSR,Goods,382
4001691,DSR,Goods,383
4001692,DSR,Goods,384
4001693,DSR,Goods,385
4001694,DSR,Goods,390
4001695,DSR,Goods,391
4001696,DSR,Goods,392
4001697,DSR,Goods,393
4001698,DSR,Goods,394
4001699,DSR,Goods,395
4001700,DSR,Goods,396
4001701,DSR,Goods,400
4001702,DSR,Goods,401
4001703,DSR,Goods,402
4001704,DSR,Goods,403
4001705,DSR,Goods,404
4001706,DSR,Goods,405
4001707,DSR,Goods,406
4001708,DSR,Goods,407
4001709,DSR,Goods,408
4001710,DSR,Goods,409
4001711,DSR,Goods,500
4001712,DSR,Goods,501
4001713,DSR,Goods,510
4001714,DSR,Goods,511
4001715,DSR,Goods,512
4001716,DSR,Goods,513
4001717,DSR,Goods,514
4001718,DSR,Goods,700
4001719,DSR,Goods,701
4001720,DSR,Goods,702
4001721,DSR,Goods,703
4001722,DSR,Goods,704
4001723,DSR,Goods,705
4001724,DSR,Goods,706
4001725,DSR,Goods,707
4001726,DSR,Goods,708
4001727,DSR,Goods,709
4001728,DSR,Goods,710
4001729,DSR,Goods,711
4001730,DSR,Goods,800
4001731,DSR,Goods,801
4001732,DSR,Goods,802
4001733,DSR,Goods,806
4001734,DSR,Goods,807
4001735,DSR,Goods,808
4001736,DSR,Goods,809
4001737,DSR,Goods,810
4001738,DSR,Goods,812
4001739,DSR,Goods,813
4001740,DSR,Goods,1000
4001741,DSR,Goods,1010
4001742,DSR,Goods,1020
4001743,DSR,Goods,1030
4001744,DSR,Goods,1040
4001745,DSR,Goods,1050
4001746,DSR,Goods,1060
4001747,DSR,Goods,1070
4001748,DSR,Goods,1080
4001749,DSR,Goods,1090
4001750,DSR,Goods,1100
4001751,DSR,Goods,1110
4001752,DSR,Goods,1120
4001753,DSR,Goods,1130
4001754,DSR,Goods,2001
4001755,DSR,Goods,2002
4001756,DSR,Goods,2003
4001757,DSR,Goods,2004
4001758,DSR,Goods,2005
4001759,DSR,Goods,2006
4001760,DSR,Goods,2007
4001761,DSR,Goods,2008
4001762,DSR,Goods,2009
4001763,DSR,Goods,2010
4001764,DSR,Goods,2011
4001765,DSR,Goods,2012
4001766,DSR,Goods,2013
4001767,DSR,Goods,2014
4001768,DSR,Goods,2015
4001769,DSR,Goods,2016
4001770,DSR,Goods,2017
4001771,DSR,Goods,2018
4001772,DSR,Goods,2019
4001773,DSR,Goods,2020
4001774,DSR,Goods,2021
4001775,DSR,Goods,2022
4001776,DSR,Goods,2100
4001777,DSR,Goods,2200
4001778,DSR,Goods,2500
4001779,DSR,Goods,2501
4001780,DSR,Goods,2502
4001781,DSR,Goods,2503
4001782,DSR,Goods,2504
4001783,DSR,Goods,2510
4001784,DSR,Goods,2520
4001785,DSR,Goods,2600
4001786,DSR,Goods,2601
4001787,DSR,Goods,2602
4001788,DSR,Goods,2603
4001789,DSR,Goods,2604
4001790,DSR,Goods,2605
4001791,DSR,Goods,2606
4001792,DSR,Goods,2607
4001793,DSR,Goods,2608
4001794,DSR,Goods,2609
4001795,DSR,Goods,3000
4001796,DSR,Goods,3010
4001797,DSR,Goods,3020
4001798,DSR,Goods,3030
4001799,DSR,Goods,3040
4001800,DSR,Goods,3050
4001801,DSR,Goods,3060
4001802,DSR,Goods,3070
4001803,DSR,Goods,3100
4001804,DSR,Goods,3110
4001805,DSR,Goods,3120
4001806,DSR,Goods,3300
4001807,DSR,Goods,3310
4001808,DSR,Goods,3400
4001809,DSR,Goods,3410
4001810,DSR,Goods,3500
4001811,DSR,Goods,3510
4001812,DSR,Goods,3520
4001813,DSR,Goods,3530
4001814,DSR,Goods,3540
4001815,DSR,Goods,3550
4001816,DSR,Goods,3600
4001817,DSR,Goods,3610
4001818,DSR,Goods,3700
4001819,DSR,Goods,3710
4001820,DSR,Goods,3720
4001821,DSR,Goods,3730
4001822,DSR,Goods,3740
4001823,DSR,Goods,4000
4001824,DSR,Goods,4010
4001825,DSR,Goods,4020
4001826,DSR,Goods,4030
4001827,DSR,Goods,4040
4001828,DSR,Goods,4050
4001829,DSR,Goods,4060
4001830,DSR,Goods,4100
4001831,DSR,Goods,4110
4001832,DSR,Goods,4200
4001833,DSR,Goods,4210
4001834,DSR,Goods,4220
4001835,DSR,Goods,4300
4001836,DSR,Goods,4310
4001837,DSR,Goods,4360
4001838,DSR,Goods,4400
4001839,DSR,Goods,4500
4001840,DSR,Goods,4510
4001841,DSR,Goods,4520
4001842,DSR,Goods,4530
4001843,DSR,Goods,5000
4001844,DSR,Goods,5010
4001845,DSR,Goods,5020
4001846,DSR,Goods,5030
4001847,DSR,Goods,5040
4001848,DSR,Goods,5050
4001849,DSR,Goods,5100
4001850,DSR,Goods,5110
4001851,DSR,Goods,5200
4001852,DSR,Goods,5210
4001853,DSR,Goods,5300
4001854,DSR,Goods,5310
4001855,DSR,Goods,5320
4001856,DSR,Goods,5400
4001857,DSR,Goods,5500
4001858,DSR,Goods,5510
4001859,DSR,Goods,5520
4001860,DSR,Goods,5600
4001861,DSR,Goods,5610
4001862,DSR,Goods,5700
4001863,DSR,Goods,5800
4001864,DSR,Goods,5810
4001865,DSR,Goods,5900
4001866,DSR,Goods,5910
4001867,DSR,Goods,9000
4001868,DSR,Goods,9001
4001869,DSR,Goods,9002
4001870,DSR,Goods,9003
4001871,DSR,Goods,9004
4001872,DSR,Goods,9005
4001873,DSR,Goods,9006
4001874,DSR,Goods,9007
4001875,DSR,Goods,9008
4001876,DSR,Goods,9009
4001877,DSR,Goods,9010
4001878,DSR,Goods,9011
4001879,DSR,Goods,9012
4001880,DSR,Goods,9013
4001881,DSR,Goods,9014
4001882,DS2S,Goods,10
4001883,DS2S,Goods,100
4001884,DS2S,Goods,1000000
4001885,DS2S,Goods,1010000
4001886,DS2S,Goods,1040000
4001887,DS2S,Goods,1050000
4001888,DS2S,Goods,1060000
4001889,DS2S,Goods,1070000
4001890,DS2S,Goods,1100000
4001891,DS2S,Goods,1110000
4001892,DS2S,Goods,1130000
4001893,DS2S,Goods,1140000
4001894,DS2S,Goods,1150000
4001895,DS2S,Goods,1160000
4001896,DS2S,Goods,1200000
4001897,DS2S,Goods,1210000
4001898,DS2S,Goods,1220000
4001899,DS2S,Goods,1230000
4001900,DS2S,Goods,1240000
4001901,DS2S,Goods,1250000
4001902,DS2S,Goods,1260000
4001903,DS2S,Goods,1270000
4001904,DS2S,Goods,1280000
4001905,DS2S,Goods,1290000
4001906,DS2S,Goods,1320000
4001907,DS2S,Goods,1330000
4001908,DS2S,Goods,1350000
4001909,DS2S,Goods,1360000
4001910,DS2S,Goods,1370000
4001911,DS2S,Goods,1380000
4001912,DS2S,Goods,1390000
4001913,DS2S,Goods,1400000
4001914,DS2S,Goods,1410000
4001915,DS2S,Goods,1420000
4001916,DS2S,Goods,1430000
4001917,DS2S,Goods,1440000
4001918,DS2S,Goods,1500000
4001919,DS2S,Goods,1520000
4001920,DS2S,Goods,1530000
4001921,DS2S,Goods,1580000
4001922,DS2S,Goods,1600000
4001923,DS2S,Goods,1610000
4001924,DS2S,Goods,1620000
4001925,DS2S,Goods,1630000
4001926,DS2S,Goods,1640000
4001927,DS2S,Goods,1650000
4001928,DS2S,Goods,1660000
4001929,DS2S,Goods,1670000
4001930,DS2S,Goods,1680000
4001931,DS2S,Goods,1690000
4001932,DS2S,Goods,1700000
4001933,DS2S,Goods,1710000
4001934,DS2S,Goods,1720000
4001935,DS2S,Goods,1730000
4001936,DS2S,Goods,1740000
4001937,DS2S,Goods,1760000
4001938,DS2S,Goods,1770000
4001939,DS2S,Goods,1790000
4001940,DS2S,Goods,1800000
4001941,DS2S,Goods,1810000
4001942,DS2S,Goods,1820000
4001943,DS2S,Goods,1830000
4001944,DS2S,Goods,1831000
4001945,DS2S,Goods,1850000
4001946,DS2S,Goods,1860000
4001947,DS2S,Goods,1870000
4001948,DS2S,Goods,1871000
4001949,DS2S,Goods,1880000
4001950,DS2S,Goods,1900000
4001951,DS2S,Goods,1910000
4001952,DS2S,Goods,1911000
4001953,DS2S,Goods,1920000
4001954,DS2S,Goods,1930000
4001955,DS2S,Goods,1940000
4001956,DS2S,Goods,1950000
4001957,DS2S,Goods,1960000
4001958,DS2S,Goods,1970000
4001959,DS2S,Goods,1980000
4001960,DS2S,Goods,1990000
4001961,DS2S,Goods,1995000
4001962,DS2S,Goods,1996000
4001963,DS2S,Goods,1997000
4001964,DS2S,Goods,2000000
4001965,DS2S,Goods,2010000
4001966,DS2S,Goods,2020000
4001967,DS2S,Goods,2030000
4001968,DS2S,Goods,2070000
4001969,DS2S,Goods,2080000
4001970,DS2S,Goods,2090000
4001971,DS2S,Goods,2100000
4001972,DS2S,Goods,2200000
4001973,DS2S,Goods,2210000
4001974,DS2S,Goods,2220000
4001975,DS2S,Goods,2240000
4001976,DS2S,Goods,2250000
4001977,DS2S,Goods,2260000
4001978,DS2S,Goods,2290000
4001979,DS2S,Goods,2300000
4001980,DS2S,Goods,2310000
4001981,DS2S,Goods,2400000
4001982,DS2S,Goods,2410000
4001983,DS2S,Goods,2420000
4001984,DS2S,Goods,2430000
4001985,DS2S,Goods,2440000
4001986,DS2S,Goods,2470000
4001987,DS2S,Goods,2500000
4001988,DS2S,Goods,2520000
4001989,DS2S,Goods,2530000
4001990,DS2S,Goods,2540000
4001991,DS2S,Goods,2560000
4001992,DS2S,Goods,2600000
4001993,DS2S,Goods,2610000
4001994,DS2S,Goods,2620000
4001995,DS2S,Goods,2630000
4001996,DS2S,Goods,2660000
4001997,DS2S,Goods,2670000
4001998,DS2S,Goods,2680000
4001999,DS2S,Goods,2690000
4002000,DS2S,Goods,2700000
4002001,DS2S,Goods,2710000
4002002,DS2S,Goods,2720000
4002003,DS2S,Goods,2730000
4002004,DS2S,Goods,2740000
4002005,DS2S,Goods,2750000
4002006,DS2S,Goods,2760000
4002007,DS2S,Goods,2800000
4002008,DS2S,Goods,2810000
4002009,DS2S,Goods,2820000
4002010,DS2S,Goods,2830000
4002011,DS2S,Goods,2840000
4002012,DS2S,Goods,2850000
4002013,DS2S,Goods,2855000
4002014,DS2S,Goods,2860000
4002015,DS2S,Goods,2870000
4002016,DS2S,Goods,2880000
4002017,DS2S,Goods,2890000
4002018,DS2S,Goods,2895000
4002019,DS2S,Goods,2896000
4002020,DS2S,Goods,2900000
4002021,DS2S,Goods,2920000
4002022,DS2S,Goods,2930000
4002023,DS2S,Goods,2940000
4002024,DS2S,Goods,2950000
4002025,DS2S,Goods,2960000
4002026,DS2S,Goods,3000000
4002027,DS2S,Goods,3010000
4002028,DS2S,Goods,3020000
4002029,DS2S,Goods,3040000
4002030,DS2S,Goods,3050000
4002031,DS2S,Goods,3060000
4002032,DS2S,Goods,3070000
4002033,DS2S,Goods,3080000
4002034,DS2S,Goods,3200000
4002035,DS2S,Goods,3210000
4002036,DS2S,Goods,3220000
4002037,DS2S,Goods,3240000
4002038,DS2S,Goods,3250000
4002039,DS2S,Goods,3251000
4002040,DS2S,Goods,3270000
4002041,DS2S,Goods,3280000
4002042,DS2S,Goods,3290000
4002043,DS2S,Goods,3300000
4002044,DS2S,Goods,3310000
4002045,DS2S,Goods,3320000
4002046,DS2S,Goods,3330000
4002047,DS2S,Goods,3340000
4002048,DS2S,Goods,3350000
4002049,DS2S,Goods,3370000
4002050,DS2S,Goods,3400000
4002051,DS2S,Goods,3401000
4002052,DS2S,Goods,3410000
4002053,DS2S,Goods,3420000
4002054,DS2S,Goods,3430000
4002055,DS2S,Goods,3440000
4002056,DS2S,Goods,3500000
4002057,DS2S,Goods,3530000
4002058,DS2S,Goods,3600000
4002059,DS2S,Goods,3610000
4002060,DS2S,Goods,3620000
4002061,DS2S,Goods,3630000
4002062,DS2S,Goods,3660000
4002063,DS2S,Goods,3800000
4002064,DS2S,Goods,3810000
4002065,DS2S,Goods,3820000
4002066,DS2S,Goods,3830000
4002067,DS2S,Goods,3850000
4002068,DS2S,Goods,3860000
4002069,DS2S,Goods,3870000
4002070,DS2S,Goods,3880000
4002071,DS2S,Goods,3890000
4002072,DS2S,Goods,3900000
4002073,DS2S,Goods,3910000
4002074,DS2S,Goods,3930000
4002075,DS2S,Goods,3940000
4002076,DS2S,Goods,4010000
4002077,DS2S,Goods,4020000
4002078,DS2S,Goods,4030000
4002079,DS2S,Goods,4040000
4002080,DS2S,Goods,4050000
4002081,DS2S,Goods,4060000
4002082,DS2S,Goods,4080000
4002083,DS2S,Goods,4090000
4002084,DS2S,Goods,4100000
4002085,DS2S,Goods,4110000
4002086,DS2S,Goods,4120000
4002087,DS2S,Goods,4150000
4002088,DS2S,Goods,4200000
4002089,DS2S,Goods,4210000
4002090,DS2S,Goods,4220000
4002091,DS2S,Goods,4230000
4002092,DS2S,Goods,4240000
4002093,DS2S,Goods,4270000
4002094,DS2S,Goods,4280000
4002095,DS2S,Goods,4290000
4002096,DS2S,Goods,4400000
4002097,DS2S,Goods,4420000
4002098,DS2S,Goods,4430000
4002099,DS2S,Goods,4440000
4002100,DS2S,Goods,4600000
4002101,DS2S,Goods,4610000
4002102,DS2S,Goods,4630000
4002103,DS2S,Goods,4660000
4002104,DS2S,Goods,4670000
4002105,DS2S,Goods,4680000
4002106,DS2S,Goods,5000000
4002107,DS2S,Goods,5010000
4002108,DS2S,Goods,5040000
4002109,DS2S,Goods,5050000
4002110,DS2S,Goods,5200000
4002111,DS2S,Goods,5210000
4002112,DS2S,Goods,5220000
4002113,DS2S,Goods,5225000
4002114,DS2S,Goods,5230000
4002115,DS2S,Goods,5240000
4002116,DS2S,Goods,5250000
4002117,DS2S,Goods,5255000
4002118,DS2S,Goods,5270000
4002119,DS2S,Goods,5275000
4002120,DS2S,Goods,5280000
4002121,DS2S,Goods,5285000
4002122,DS2S,Goods,5290000
4002123,DS2S,Goods,5295000
4002124,DS2S,Goods,5310000
4002125,DS2S,Goods,5330000
4002126,DS2S,Goods,5340000
4002127,DS2S,Goods,5350000
4002128,DS2S,Goods,5360000
4002129,DS2S,Goods,5370000
4002130,DS2S,Goods,5400000
4002131,DS2S,Goods,5410000
4002132,DS2S,Goods,5500000
4002133,DS2S,Goods,5510000
4002134,DS2S,Goods,5520000
4002135,DS2S,Goods,5530000
4002136,DS2S,Goods,5540000
4002137,DS2S,Goods,5600000
4002138,DS2S,Goods,5610000
4002139,DS2S,Goods,5620000
4002140,DS2S,Goods,5630000
4002141,DS2S,Goods,5640000
4002142,DS2S,Goods,5650000
4002143,DS2S,Goods,5660000
4002144,DS2S,Goods,6100000
4002145,DS2S,Goods,11000000
4002146,DS2S,Goods,11005000
4002147,DS2S,Goods,11010000
4002148,DS2S,Goods,11020000
4002149,DS2S,Goods,11030000
4002150,DS2S,Goods,11040000
4002151,DS2S,Goods,11050000
4002152,DS2S,Goods,11070000
4002153,DS2S,Goods,11080000
4002154,DS2S,Goods,11091000
4002155,DS2S,Goods,11110000
4002156,DS2S,Goods,11120000
4002157,DS2S,Goods,11130000
4002158,DS2S,Goods,11140000
4002159,DS2S,Goods,11150000
4002160,DS2S,Goods,11160000
4002161,DS2S,Goods,11185000
4002162,DS2S,Goods,11200000
4002163,DS2S,Goods,11210000
4002164,DS2S,Goods,11220000
4002165,DS2S,Goods,11230000
4002166,DS2S,Goods,11240000
4002167,DS2S,Goods,11250000
4002168,DS2S,Goods,11260000
4002169,DS2S,Goods,11270000
4002170,DS2S,Goods,11280000
4002171,DS2S,Goods,11290000
4002172,DS2S,Goods,11295000
4002173,DS2S,Goods,11300000
4002174,DS2S,Goods,11310000
4002175,DS2S,Goods,11320000
4002176,DS2S,Goods,11330000
4002177,DS2S,Goods,11350000
4002178,DS2S,Goods,11360000
4002179,DS2S,Goods,11370000
4002180,DS2S,Goods,11380000
4002181,DS2S,Goods,11390000
4002182,DS2S,Goods,11395000
4002183,DS2S,Goods,11400000
4002184,DS2S,Goods,11420000
4002185,DS2S,Goods,11430000
4002186,DS2S,Goods,11450000
4002187,DS2S,Goods,11455000
4002188,DS2S,Goods,11470000
4002189,DS2S,Goods,11475000
4002190,DS2S,Goods,11480000
4002191,DS2S,Goods,11485000
4002192,DS2S,Goods,11490000
4002193,DS2S,Goods,11495000
4002194,DS2S,Goods,11500000
4002195,DS2S,Goods,11510000
4002196,DS2S,Goods,11530000
4002197,DS2S,Goods,11540000
4002198,DS2S,Goods,11550000
4002199,DS2S,Goods,11560000
4002200,DS2S,Goods,11570000
4002201,DS2S,Goods,11590000
4002202,DS2S,Goods,11600000
4002203,DS2S,Goods,11610000
4002204,DS2S,Goods,11620000
4002205,DS2S,Goods,11630000
4002206,DS2S,Goods,11640000
4002207,DS2S,Goods,11650000
4002208,DS2S,Goods,11700000
4002209,DS2S,Goods,11710000
4002210,DS2S,Goods,11720000
4002211,DS2S,Goods,11730000
4002212,DS2S,Goods,11740000
4002213,DS2S,Goods,11750000
4002214,DS2S,Goods,11800000
4002215,DS2S,Goods,11810000
4002216,DS2S,Goods,11820000
4002217,DS2S,Goods,11830000
4002218,DS2S,Goods,11840000
4002219,DS2S,Goods,21001100
4002220,DS2S,Goods,21001101
4002221,DS2S,Goods,21001102
4002222,DS2S,Goods,21001103
4002223,DS2S,Goods,21010100
4002224,DS2S,Goods,21010101
4002225,DS2S,Goods,21010102
4002226,DS2S,Goods,21010103
4002227,DS2S,Goods,21020100
4002228,DS2S,Goods,21020101
4002229,DS2S,Goods,21020102
4002230,DS2S,Goods,21020103
4002231,DS2S,Goods,21030100
4002232,DS2S,Goods,21030101
4002233,DS2S,Goods,21030102
4002234,DS2S,Goods,21030103
4002235,DS2S,Goods,21040100
4002236,DS2S,Goods,21040101
4002237,DS2S,Goods,21040102
4002238,DS2S,Goods,21040103
4002239,DS2S,Goods,21050100
4002240,DS2S,Goods,21050101
4002241,DS2S,Goods,21050102
4002242,DS2S,Goods,21050103
4002243,DS2S,Goods,21060100
4002244,DS2S,Goods,21060101
4002245,DS2S,Goods,21060102
4002246,DS2S,Goods,21060103
4002247,DS2S,Goods,21070100
4002248,DS2S,Goods,21070101
4002249,DS2S,Goods,21070102
4002250,DS2S,Goods,21070103
4002251,DS2S,Goods,21080100
4002252,DS2S,Goods,21080101
4002253,DS2S,Goods,21080102
4002254,DS2S,Goods,21080103
4002255,DS2S,Goods,21100100
4002256,DS2S,Goods,21100101
4002257,DS2S,Goods,21100102
4002258,DS2S,Goods,21100103
4002259,DS2S,Goods,21140100
4002260,DS2S,Goods,21140101
4002261,DS2S,Goods,21140102
4002262,DS2S,Goods,21140103
4002263,DS2S,Goods,21160100
4002264,DS2S,Goods,21160101
4002265,DS2S,Goods,21160102
4002266,DS2S,Goods,21160103
4002267,DS2S,Goods,21210100
4002268,DS2S,Goods,21210101
4002269,DS2S,Goods,21210102
4002270,DS2S,Goods,21210103
4002271,DS2S,Goods,21230100
4002272,DS2S,Goods,21230101
4002273,DS2S,Goods,21230102
4002274,DS2S,Goods,21230103
4002275,DS2S,Goods,21320100
4002276,DS2S,Goods,21320101
4002277,DS2S,Goods,21320102
4002278,DS2S,Goods,21320103
4002279,DS2S,Goods,21330100
4002280,DS2S,Goods,21330101
4002281,DS2S,Goods,21330102
4002282,DS2S,Goods,21330103
4002283,DS2S,Goods,21340100
4002284,DS2S,Goods,21340101
4002285,DS2S,Goods,21340102
4002286,DS2S,Goods,21340103
4002287,DS2S,Goods,21350100
4002288,DS2S,Goods,21350101
4002289,DS2S,Goods,21350102
4002290,DS2S,Goods,21350103
4002291,DS2S,Goods,21360100
4002292,DS2S,Goods,21360101
4002293,DS2S,Goods,21360102
4002294,DS2S,Goods,21360103
4002295,DS2S,Goods,21361100
4002296,DS2S,Goods,21361101
4002297,DS2S,Goods,21361102
4002298,DS2S,Goods,21361103
4002299,DS2S,Goods,21370100
4002300,DS2S,Goods,21370101
4002301,DS2S,Goods,21370102
4002302,DS2S,Goods,21370103
4002303,DS2S,Goods,21390100
4002304,DS2S,Goods,21390101
4002305,DS2S,Goods,21390102
4002306,DS2S,Goods,21390103
4002307,DS2S,Goods,21430100
4002308,DS2S,Goods,21440102
4002309,DS2S,Goods,21460103
4002310,DS2S,Goods,21470100
4002311,DS2S,Goods,21470101
4002312,DS2S,Goods,21470102
4002313,DS2S,Goods,21470103
4002314,DS2S,Goods,21480100
4002315,DS2S,Goods,21480101
4002316,DS2S,Goods,21480102
4002317,DS2S,Goods,21480103
4002318,DS2S,Goods,21490100
4002319,DS2S,Goods,21490101
4002320,DS2S,Goods,21490102
4002321,DS2S,Goods,21490103
4002322,DS2S,Goods,21500100
4002323,DS2S,Goods,21500101
4002324,DS2S,Goods,21500102
4002325,DS2S,Goods,21500103
4002326,DS2S,Goods,21501100
4002327,DS2S,Goods,21502100
4002328,DS2S,Goods,21600000
4002329,DS2S,Goods,21600100
4002330,DS2S,Goods,21600101
4002331,DS2S,Goods,21600102
4002332,DS2S,Goods,21600103
4002333,DS2S,Goods,21610000
4002334,DS2S,Goods,21610100
4002335,DS2S,Goods,21610101
4002336,DS2S,Goods,21610102
4002337,DS2S,Goods,21610103
4002338,DS2S,Goods,21620000
4002339,DS2S,Goods,21630000
4002340,DS2S,Goods,21630100
4002341,DS2S,Goods,21640000
4002342,DS2S,Goods,21640100
4002343,DS2S,Goods,21650000
4002344,DS2S,Goods,21650100
4002345,DS2S,Goods,21660000
4002346,DS2S,Goods,21660100
4002347,DS2S,Goods,21670000
4002348,DS2S,Goods,21670100
4002349,DS2S,Goods,21680000
4002350,DS2S,Goods,21680100
4002351,DS2S,Goods,21690000
4002352,DS2S,Goods,21690103
4002353,DS2S,Goods,21700000
4002354,DS2S,Goods,21700100
4002355,DS2S,Goods,21710000
4002356,DS2S,Goods,21710100
4002357,DS2S,Goods,22020100
4002358,DS2S,Goods,22020101
4002359,DS2S,Goods,22020102
4002360,DS2S,Goods,22020103
4002361,DS2S,Goods,22021100
4002362,DS2S,Goods,22021101
4002363,DS2S,Goods,22021102
4002364,DS2S,Goods,22021103
4002365,DS2S,Goods,22030100
4002366,DS2S,Goods,22030101
4002367,DS2S,Goods,22030102
4002368,DS2S,Goods,22030103
4002369,DS2S,Goods,22031100
4002370,DS2S,Goods,22031101
4002371,DS2S,Goods,22031102
4002372,DS2S,Goods,22031103
4002373,DS2S,Goods,22060100
4002374,DS2S,Goods,22060101
4002375,DS2S,Goods,22060102
4002376,DS2S,Goods,22060103
4002377,DS2S,Goods,22062100
4002378,DS2S,Goods,22062101
4002379,DS2S,Goods,22062102
4002380,DS2S,Goods,22062103
4002381,DS2S,Goods,22080100
4002382,DS2S,Goods,22080101
4002383,DS2S,Goods,22080102
4002384,DS2S,Goods,22080103
4002385,DS2S,Goods,22110100
4002386,DS2S,Goods,22110101
4002387,DS2S,Goods,22110102
4002388,DS2S,Goods,22110103
4002389,DS2S,Goods,22130100
4002390,DS2S,Goods,22130101
4002391,DS2S,Goods,22130102
4002392,DS2S,Goods,22130103
4002393,DS2S,Goods,22180100
4002394,DS2S,Goods,22180101
4002395,DS2S,Goods,22182100
4002396,DS2S,Goods,22182101
4002397,DS2S,Goods,22190101
4002398,DS2S,Goods,22190102
4002399,DS2S,Goods,22190103
4002400,DS2S,Goods,22220100
4002401,DS2S,Goods,22220101
4002402,DS2S,Goods,22220102
4002403,DS2S,Goods,22220103
4002404,DS2S,Goods,22230100
4002405,DS2S,Goods,22230101
4002406,DS2S,Goods,22230102
4002407,DS2S,Goods,22230103
4002408,DS2S,Goods,22240100
4002409,DS2S,Goods,22240101
4002410,DS2S,Goods,22240102
4002411,DS2S,Goods,22240103
4002412,DS2S,Goods,22270100
4002413,DS2S,Goods,22270101
4002414,DS2S,Goods,22270102
4002415,DS2S,Goods,22270103
4002416,DS2S,Goods,22271100
4002417,DS2S,Goods,22271101
4002418,DS2S,Goods,22310100
4002419,DS2S,Goods,22310101
4002420,DS2S,Goods,22310102
4002421,DS2S,Goods,22310103
4002422,DS2S,Goods,22340100
4002423,DS2S,Goods,22340101
4002424,DS2S,Goods,22340102
4002425,DS2S,Goods,22340103
4002426,DS2S,Goods,22350100
4002427,DS2S,Goods,22350101
4002428,DS2S,Goods,22350102
4002429,DS2S,Goods,22350103
4002430,DS2S,Goods,22351100
4002431,DS2S,Goods,22360100
4002432,DS2S,Goods,22360101
4002433,DS2S,Goods,22360102
4002434,DS2S,Goods,22360103
4002435,DS2S,Goods,22370100
4002436,DS2S,Goods,22460100
4002437,DS2S,Goods,22460101
4002438,DS2S,Goods,22460102
4002439,DS2S,Goods,22460103
4002440,DS2S,Goods,22480100
4002441,DS2S,Goods,22480101
4002442,DS2S,Goods,22480102
4002443,DS2S,Goods,22480103
4002444,DS2S,Goods,22510100
4002445,DS2S,Goods,22510101
4002446,DS2S,Goods,22510102
4002447,DS2S,Goods,22510103
4002448,DS2S,Goods,22512100
4002449,DS2S,Goods,22512101
4002450,DS2S,Goods,22512102
4002451,DS2S,Goods,22512103
4002452,DS2S,Goods,22520100
4002453,DS2S,Goods,22520101
4002454,DS2S,Goods,22520102
4002455,DS2S,Goods,22520103
4002456,DS2S,Goods,22530100
4002457,DS2S,Goods,22530101
4002458,DS2S,Goods,22530102
4002459,DS2S,Goods,22530103
4002460,DS2S,Goods,22540100
4002461,DS2S,Goods,22540101
4002462,DS2S,Goods,22540102
4002463,DS2S,Goods,22540103
4002464,DS2S,Goods,23010100
4002465,DS2S,Goods,23010101
4002466,DS2S,Goods,23010102
4002467,DS2S,Goods,23010103
4002468,DS2S,Goods,23011100
4002469,DS2S,Goods,23040101
4002470,DS2S,Goods,23050100
4002471,DS2S,Goods,23050101
4002472,DS2S,Goods,23050102
4002473,DS2S,Goods,23050103
4002474,DS2S,Goods,23060100
4002475,DS2S,Goods,23060101
4002476,DS2S,Goods,23061100
4002477,DS2S,Goods,23061101
4002478,DS2S,Goods,23061102
4002479,DS2S,Goods,23061103
4002480,DS2S,Goods,23070100
4002481,DS2S,Goods,23070101
4002482,DS2S,Goods,23070102
4002483,DS2S,Goods,23070103
4002484,DS2S,Goods,23080101
4002485,DS2S,Goods,23080102
4002486,DS2S,Goods,23080103
4002487,DS2S,Goods,23081100
4002488,DS2S,Goods,23081101
4002489,DS2S,Goods,23120100
4002490,DS2S,Goods,23120101
4002491,DS2S,Goods,23120102
4002492,DS2S,Goods,23120103
4002493,DS2S,Goods,23130100
4002494,DS2S,Goods,23130101
4002495,DS2S,Goods,23130102
4002496,DS2S,Goods,23130103
4002497,DS2S,Goods,23140100
4002498,DS2S,Goods,23140101
4002499,DS2S,Goods,23140102
4002500,DS2S,Goods,23140103
4002501,DS2S,Goods,23150100
4002502,DS2S,Goods,23150101
4002503,DS2S,Goods,23150102
4002504,DS2S,Goods,23150103
4002505,DS2S,Goods,23160100
4002506,DS2S,Goods,23160101
4002507,DS2S,Goods,23160102
4002508,DS2S,Goods,23160103
4002509,DS2S,Goods,23170100
4002510,DS2S,Goods,23170101
4002511,DS2S,Goods,23170102
4002512,DS2S,Goods,23170103
4002513,DS2S,Goods,23171100
4002514,DS2S,Goods,23250100
4002515,DS2S,Goods,23250101
4002516,DS2S,Goods,23250102
4002517,DS2S,Goods,23250103
4002518,DS2S,Goods,23300100
4002519,DS2S,Goods,23300101
4002520,DS2S,Goods,23300102
4002521,DS2S,Goods,23300103
4002522,DS2S,Goods,23310100
4002523,DS2S,Goods,23310101
4002524,DS2S,Goods,23310102
4002525,DS2S,Goods,23310103
4002526,DS2S,Goods,23320100
4002527,DS2S,Goods,23320101
4002528,DS2S,Goods,23320102
4002529,DS2S,Goods,23320103
4002530,DS2S,Goods,23330100
4002531,DS2S,Goods,23330101
4002532,DS2S,Goods,23330102
4002533,DS2S,Goods,23330103
4002534,DS2S,Goods,23340100
4002535,DS2S,Goods,23340101
4002536,DS2S,Goods,23340102
4002537,DS2S,Goods,23340103
4002538,DS2S,Goods,25040100
4002539,DS2S,Goods,25040101
4002540,DS2S,Goods,25040102
4002541,DS2S,Goods,25040103
4002542,DS2S,Goods,25060101
4002543,DS2S,Goods,25060102
4002544,DS2S,Goods,25060103
4002545,DS2S,Goods,25090100
4002546,DS2S,Goods,25090101
4002547,DS2S,Goods,25100100
4002548,DS2S,Goods,25100101
4002549,DS2S,Goods,25100102
4002550,DS2S,Goods,25100103
4002551,DS2S,Goods,25110100
4002552,DS2S,Goods,25110101
4002553,DS2S,Goods,25110102
4002554,DS2S,Goods,25110103
4002555,DS2S,Goods,25120100
4002556,DS2S,Goods,25120101
4002557,DS2S,Goods,25120102
4002558,DS2S,Goods,25130100
4002559,DS2S,Goods,25130101
4002560,DS2S,Goods,25130102
4002561,DS2S,Goods,25130103
4002562,DS2S,Goods,26100100
4002563,DS2S,Goods,26100101
4002564,DS2S,Goods,26100102
4002565,DS2S,Goods,26100103
4002566,DS2S,Goods,26180100
4002567,DS2S,Goods,26180101
4002568,DS2S,Goods,26180102
4002569,DS2S,Goods,26180103
4002570,DS2S,Goods,26260100
4002571,DS2S,Goods,26260101
4002572,DS2S,Goods,26260102
4002573,DS2S,Goods,26260103
4002574,DS2S,Goods,26510000
4002575,DS2S,Goods,26510100
4002576,DS2S,Goods,26510101
4002577,DS2S,Goods,26510102
4002578,DS2S,Goods,26510103
4002579,DS2S,Goods,26590000
4002580,DS2S,Goods,26590100
4002581,DS2S,Goods,26590101
4002582,DS2S,Goods,26590102
4002583,DS2S,Goods,26590103
4002584,DS2S,Goods,26650100
4002585,DS2S,Goods,26650101
4002586,DS2S,Goods,26650102
4002587,DS2S,Goods,26650103
4002588,DS2S,Goods,26660102
4002589,DS2S,Goods,26700100
4002590,DS2S,Goods,26750000
4002591,DS2S,Goods,26750100
4002592,DS2S,Goods,26750101
4002593,DS2S,Goods,26750102
4002594,DS2S,Goods,26750103
4002595,DS2S,Goods,26770000
4002596,DS2S,Goods,26770101
4002597,DS2S,Goods,26800000
4002598,DS2S,Goods,26800100
4002599,DS2S,Goods,26800101
4002600,DS2S,Goods,26800102
4002601,DS2S,Goods,26800103
4002602,DS2S,Goods,26880000
4002603,DS2S,Goods,26880100
4002604,DS2S,Goods,26880101
4002605,DS2S,Goods,26880102
4002606,DS2S,Goods,26880103
4002607,DS2S,Goods,26890000
4002608,DS2S,Goods,26890100
4002609,DS2S,Goods,26890101
4002610,DS2S,Goods,26890102
4002611,DS2S,Goods,26890103
4002612,DS2S,Goods,26900000
4002613,DS2S,Goods,26900100
4002614,DS2S,Goods,26900101
4002615,DS2S,Goods,26900102
4002616,DS2S,Goods,26900103
4002617,DS2S,Goods,26940000
4002618,DS2S,Goods,26940100
4002619,DS2S,Goods,26940101
4002620,DS2S,Goods,26940102
4002621,DS2S,Goods,26940103
4002622,DS2S,Goods,27210101
4002623,DS2S,Goods,27210102
4002624,DS2S,Goods,27210103
4002625,DS2S,Goods,27240100
4002626,DS2S,Goods,27240101
4002627,DS2S,Goods,27240102
4002628,DS2S,Goods,27240103
4002629,DS2S,Goods,27420100
4002630,DS2S,Goods,27420101
4002631,DS2S,Goods,27420102
4002632,DS2S,Goods,27420103
4002633,DS2S,Goods,27430100
4002634,DS2S,Goods,27430101
4002635,DS2S,Goods,27430102
4002636,DS2S,Goods,27430103
4002637,DS2S,Goods,27440100
4002638,DS2S,Goods,27440101
4002639,DS2S,Goods,27440102
4002640,DS2S,Goods,27440103
4002641,DS2S,Goods,27510100
4002642,DS2S,Goods,27510101
4002643,DS2S,Goods,27510103
4002644,DS2S,Goods,27520100
4002645,DS2S,Goods,27520101
4002646,DS2S,Goods,27520102
4002647,DS2S,Goods,27520103
4002648,DS2S,Goods,27521000
4002649,DS2S,Goods,27521100
4002650,DS2S,Goods,27530100
4002651,DS2S,Goods,27530101
4002652,DS2S,Goods,27530102
4002653,DS2S,Goods,27530103
4002654,DS2S,Goods,27550100
4002655,DS2S,Goods,27550101
4002656,DS2S,Goods,27550102
4002657,DS2S,Goods,27550103
4002658,DS2S,Goods,27680100
4002659,DS2S,Goods,27680101
4002660,DS2S,Goods,27680102
4002661,DS2S,Goods,27680103
4002662,DS2S,Goods,27690100
4002663,DS2S,Goods,27690101
4002664,DS2S,Goods,27690102
4002665,DS2S,Goods,27690103
4002666,DS2S,Goods,27700100
4002667,DS2S,Goods,27700101
4002668,DS2S,Goods,27700102
4002669,DS2S,Goods,27700103
4002670,DS2S,Goods,27710100
4002671,DS2S,Goods,27710101
4002672,DS2S,Goods,27710102
4002673,DS2S,Goods,27710103
4002674,DS2S,Goods,27830100
4002675,DS2S,Goods,27830101
4002676,DS2S,Goods,27950100
4002677,DS2S,Goods,27950101
4002678,DS2S,Goods,27950102
4002679,DS2S,Goods,27950103
4002680,DS2S,Goods,31010000
4002681,DS2S,Goods,31020000
4002682,DS2S,Goods,31030000
4002683,DS2S,Goods,31040000
4002684,DS2S,Goods,31050000
4002685,DS2S,Goods,31060000
4002686,DS2S,Goods,31070000
4002687,DS2S,Goods,31080000
4002688,DS2S,Goods,31090000
4002689,DS2S,Goods,31100000
4002690,DS2S,Goods,31110000
4002691,DS2S,Goods,31120000
4002692,DS2S,Goods,31130000
4002693,DS2S,Goods,31140000
4002694,DS2S,Goods,31150000
4002695,DS2S,Goods,31160000
4002696,DS2S,Goods,31170000
4002697,DS2S,Goods,31180000
4002698,DS2S,Goods,31190000
4002699,DS2S,Goods,31200000
4002700,DS2S,Goods,31210000
4002701,DS2S,Goods,31220000
4002702,DS2S,Goods,31230000
4002703,DS2S,Goods,31240000
4002704,DS2S,Goods,31250000
4002705,DS2S,Goods,31260000
4002706,DS2S,Goods,31270000
4002707,DS2S,Goods,31280000
4002708,DS2S,Goods,31290000
4002709,DS2S,Goods,31300000
4002710,DS2S,Goods,31310000
4002711,DS2S,Goods,32010000
4002712,DS2S,Goods,32020000
4002713,DS2S,Goods,32030000
4002714,DS2S,Goods,32040000
4002715,DS2S,Goods,32050000
4002716,DS2S,Goods,32060000
4002717,DS2S,Goods,32070000
4002718,DS2S,Goods,32080000
4002719,DS2S,Goods,32090000
4002720,DS2S,Goods,32100000
4002721,DS2S,Goods,32110000
4002722,DS2S,Goods,32120000
4002723,DS2S,Goods,32130000
4002724,DS2S,Goods,32140000
4002725,DS2S,Goods,32150000
4002726,DS2S,Goods,32160000
4002727,DS2S,Goods,32170000
4002728,DS2S,Goods,32180000
4002729,DS2S,Goods,32190000
4002730,DS2S,Goods,32200000
4002731,DS2S,Goods,32210000
4002732,DS2S,Goods,32220000
4002733,DS2S,Goods,32230000
4002734,DS2S,Goods,32240000
4002735,DS2S,Goods,32250000
4002736,DS2S,Goods,32260000
4002737,DS2S,Goods,32300000
4002738,DS2S,Goods,32310000
4002739,DS2S,Goods,33010000
4002740,DS2S,Goods,33020000
4002741,DS2S,Goods,33030000
4002742,DS2S,Goods,33040000
4002743,DS2S,Goods,33050000
4002744,DS2S,Goods,33060000
4002745,DS2S,Goods,33070000
4002746,DS2S,Goods,33080000
4002747,DS2S,Goods,33090000
4002748,DS2S,Goods,33100000
4002749,DS2S,Goods,33110000
4002750,DS2S,Goods,33120000
4002751,DS2S,Goods,33130000
4002752,DS2S,Goods,33140000
4002753,DS2S,Goods,33150000
4002754,DS2S,Goods,33160000
4002755,DS2S,Goods,33170000
4002756,DS2S,Goods,33180000
4002757,DS2S,Goods,33190000
4002758,DS2S,Goods,33200000
4002759,DS2S,Goods,33210000
4002760,DS2S,Goods,33300000
4002761,DS2S,Goods,33310000
4002762,DS2S,Goods,33320000
4002763,DS2S,Goods,34010000
4002764,DS2S,Goods,34020000
4002765,DS2S,Goods,34030000
4002766,DS2S,Goods,34040000
4002767,DS2S,Goods,34050000
4002768,DS2S,Goods,34060000
4002769,DS2S,Goods,34070000
4002770,DS2S,Goods,34080000
4002771,DS2S,Goods,34090000
4002772,DS2S,Goods,34100000
4002773,DS2S,Goods,34300000
4002774,DS2S,Goods,34310000
4002775,DS2S,Goods,35010000
4002776,DS2S,Goods,35020000
4002777,DS2S,Goods,35030000
4002778,DS2S,Goods,35040000
4002779,DS2S,Goods,35050000
4002780,DS2S,Goods,35060000
4002781,DS2S,Goods,35070000
4002782,DS2S,Goods,35080000
4002783,DS2S,Goods,35090000
4002784,DS2S,Goods,35300000
4002785,DS2S,Goods,35310000
4002786,DS2S,Goods,40010000
4002787,DS2S,Goods,40010001
4002788,DS2S,Goods,40010002
4002789,DS2S,Goods,40010003
4002790,DS2S,Goods,40020000
4002791,DS2S,Goods,40020001
4002792,DS2S,Goods,40020002
4002793,DS2S,Goods,40030000
4002794,DS2S,Goods,40030001
4002795,DS2S,Goods,40030002
4002796,DS2S,Goods,40040000
4002797,DS2S,Goods,40040001
4002798,DS2S,Goods,40040002
4002799,DS2S,Goods,40050000
4002800,DS2S,Goods,40050001
4002801,DS2S,Goods,40050002
4002802,DS2S,Goods,40060000
4002803,DS2S,Goods,40060001
4002804,DS2S,Goods,40060002
4002805,DS2S,Goods,40060003
4002806,DS2S,Goods,40070000
4002807,DS2S,Goods,40070001
4002808,DS2S,Goods,40070002
4002809,DS2S,Goods,40070003
4002810,DS2S,Goods,40080000
4002811,DS2S,Goods,40080001
4002812,DS2S,Goods,40080002
4002813,DS2S,Goods,40080003
4002814,DS2S,Goods,40090000
4002815,DS2S,Goods,40090001
4002816,DS2S,Goods,40090002
4002817,DS2S,Goods,40090003
4002818,DS2S,Goods,40100000
4002819,DS2S,Goods,40100001
4002820,DS2S,Goods,40110000
4002821,DS2S,Goods,40110001
4002822,DS2S,Goods,40120000
4002823,DS2S,Goods,40120001
4002824,DS2S,Goods,40120002
4002825,DS2S,Goods,40130000
4002826,DS2S,Goods,40135000
4002827,DS2S,Goods,40140000
4002828,DS2S,Goods,40140001
4002829,DS2S,Goods,40150000
4002830,DS2S,Goods,40150001
4002831,DS2S,Goods,40160000
4002832,DS2S,Goods,40160001
4002833,DS2S,Goods,40160002
4002834,DS2S,Goods,40210000
4002835,DS2S,Goods,40220000
4002836,DS2S,Goods,40230000
4002837,DS2S,Goods,40260000
4002838,DS2S,Goods,40280000
4002839,DS2S,Goods,40290000
4002840,DS2S,Goods,40290001
4002841,DS2S,Goods,40290002
4002842,DS2S,Goods,40295000
4002843,DS2S,Goods,40300000
4002844,DS2S,Goods,40310000
4002845,DS2S,Goods,40320000
4002846,DS2S,Goods,40320001
4002847,DS2S,Goods,40320002
4002848,DS2S,Goods,40330000
4002849,DS2S,Goods,40330001
4002850,DS2S,Goods,40330002
4002851,DS2S,Goods,40340000
4002852,DS2S,Goods,40340001
4002853,DS2S,Goods,40340002
4002854,DS2S,Goods,40350000
4002855,DS2S,Goods,40350001
4002856,DS2S,Goods,40350002
4002857,DS2S,Goods,40360000
4002858,DS2S,Goods,40360001
4002859,DS2S,Goods,40360002
4002860,DS2S,Goods,40370000
4002861,DS2S,Goods,40370001
4002862,DS2S,Goods,40370002
4002863,DS2S,Goods,40390000
4002864,DS2S,Goods,40390001
4002865,DS2S,Goods,40390002
4002866,DS2S,Goods,40400000
4002867,DS2S,Goods,40410000
4002868,DS2S,Goods,40420000
4002869,DS2S,Goods,40430000
4002870,DS2S,Goods,40440000
4002871,DS2S,Goods,40450000
4002872,DS2S,Goods,40460000
4002873,DS2S,Goods,40470000
4002874,DS2S,Goods,40480000
4002875,DS2S,Goods,40500000
4002876,DS2S,Goods,40510000
4002877,DS2S,Goods,40520000
4002878,DS2S,Goods,40530000
4002879,DS2S,Goods,40530001
4002880,DS2S,Goods,40530002
4002881,DS2S,Goods,40540000
4002882,DS2S,Goods,40550000
4002883,DS2S,Goods,40610000
4002884,DS2S,Goods,40620000
4002885,DS2S,Goods,40700000
4002886,DS2S,Goods,40710000
4002887,DS2S,Goods,40720000
4002888,DS2S,Goods,40730000
4002889,DS2S,Goods,40740000
4002890,DS2S,Goods,40750000
4002891,DS2S,Goods,40760000
4002892,DS2S,Goods,40770000
4002893,DS2S,Goods,40780000
4002894,DS2S,Goods,41000000
4002895,DS2S,Goods,41010000
4002896,DS2S,Goods,41020000
4002897,DS2S,Goods,41030000
4002898,DS2S,Goods,41040000
4002899,DS2S,Goods,41050000
4002900,DS2S,Goods,41060000
4002901,DS2S,Goods,41070000
4002902,DS2S,Goods,41090000
4002903,DS2S,Goods,41100000
4002904,DS2S,Goods,41110000
4002905,DS2S,Goods,41120000
4002906,DS2S,Goods,41130000
4002907,DS2S,Goods,42000000
4002908,DS2S,Goods,50600000
4002909,DS2S,Goods,50610000
4002910,DS2S,Goods,50800000
4002911,DS2S,Goods,50810000
4002912,DS2S,Goods,50820000
4002913,DS2S,Goods,50830000
4002914,DS2S,Goods,50840000
4002915,DS2S,Goods,50850000
4002916,DS2S,Goods,50860000
4002917,DS2S,Goods,50870000
4002918,DS2S,Goods,50880000
4002919,DS2S,Goods,50885000
4002920,DS2S,Goods,50890000
4002921,DS2S,Goods,50900000
4002922,DS2S,Goods,50910000
4002923,DS2S,Goods,50920000
4002924,DS2S,Goods,50930000
4002925,DS2S,Goods,50940000
4002926,DS2S,Goods,50950000
4002927,DS2S,Goods,50960000
4002928,DS2S,Goods,50970000
4002929,DS2S,Goods,50990000
4002930,DS2S,Goods,51000000
4002931,DS2S,Goods,51010000
4002932,DS2S,Goods,51020000
4002933,DS2S,Goods,51030000
4002934,DS2S,Goods,52000000
4002935,DS2S,Goods,52100000
4002936,DS2S,Goods,52200000
4002937,DS2S,Goods,52300000
4002938,DS2S,Goods,52400000
4002939,DS2S,Goods,52500000
4002940,DS2S,Goods,52650000
4002941,DS2S,Goods,53100000
4002942,DS2S,Goods,53200000
4002943,DS2S,Goods,53300000
4002944,DS2S,Goods,53600000
4002945,DS2S,Goods,60010000
4002946,DS2S,Goods,60020000
4002947,DS2S,Goods,60030000
4002948,DS2S,Goods,60035000
4002949,DS2S,Goods,60036000
4002950,DS2S,Goods,60040000
4002951,DS2S,Goods,60050000
4002952,DS2S,Goods,60060000
4002953,DS2S,Goods,60070000
4002954,DS2S,Goods,60090000
4002955,DS2S,Goods,60100000
4002956,DS2S,Goods,60105000
4002957,DS2S,Goods,60110000
4002958,DS2S,Goods,60120000
4002959,DS2S,Goods,60151000
4002960,DS2S,Goods,60155000
4002961,DS2S,Goods,60155010
4002962,DS2S,Goods,60155020
4002963,DS2S,Goods,60155030
4002964,DS2S,Goods,60160000
4002965,DS2S,Goods,60170000
4002966,DS2S,Goods,60180000
4002967,DS2S,Goods,60190000
4002968,DS2S,Goods,60200000
4002969,DS2S,Goods,60210000
4002970,DS2S,Goods,60230000
4002971,DS2S,Goods,60235000
4002972,DS2S,Goods,60236000
4002973,DS2S,Goods,60237000
4002974,DS2S,Goods,60238000
4002975,DS2S,Goods,60239000
4002976,DS2S,Goods,60240000
4002977,DS2S,Goods,60250000
4002978,DS2S,Goods,60260000
4002979,DS2S,Goods,60270000
4002980,DS2S,Goods,60280000
4002981,DS2S,Goods,60290000
4002982,DS2S,Goods,60310000
4002983,DS2S,Goods,60320000
4002984,DS2S,Goods,60350000
4002985,DS2S,Goods,60355000
4002986,DS2S,Goods,60360000
4002987,DS2S,Goods,60370000
4002988,DS2S,Goods,60375000
4002989,DS2S,Goods,60405000
4002990,DS2S,Goods,60405010
4002991,DS2S,Goods,60406000
4002992,DS2S,Goods,60406010
4002993,DS2S,Goods,60410000
4002994,DS2S,Goods,60420000
4002995,DS2S,Goods,60430000
4002996,DS2S,Goods,60450000
4002997,DS2S,Goods,60470000
4002998,DS2S,Goods,60480000
4002999,DS2S,Goods,60490000
4003000,DS2S,Goods,60500000
4003001,DS2S,Goods,60510000
4003002,DS2S,Goods,60511000
4003003,DS2S,Goods,60525000
4003004,DS2S,Goods,60526000
4003005,DS2S,Goods,60527000
4003006,DS2S,Goods,60530000
4003007,DS2S,Goods,60531000
4003008,DS2S,Goods,60536000
4003009,DS2S,Goods,60537000
4003010,DS2S,Goods,60538000
4003011,DS2S,Goods,60540000
4003012,DS2S,Goods,60550000
4003013,DS2S,Goods,60560000
4003014,DS2S,Goods,60570000
4003015,DS2S,Goods,60575000
4003016,DS2S,Goods,60580000
4003017,DS2S,Goods,60590000
4003018,DS2S,Goods,60595000
4003019,DS2S,Goods,60600000
4003020,DS2S,Goods,60610000
4003021,DS2S,Goods,60620000
4003022,DS2S,Goods,60625000
4003023,DS2S,Goods,60630000
4003024,DS2S,Goods,60640000
4003025,DS2S,Goods,60650000
4003026,DS2S,Goods,60660000
4003027,DS2S,Goods,60670000
4003028,DS2S,Goods,60680000
4003029,DS2S,Goods,60690000
4003030,DS2S,Goods,60700000
4003031,DS2S,Goods,60710000
4003032,DS2S,Goods,60720000
4003033,DS2S,Goods,60760000
4003034,DS2S,Goods,60770000
4003035,DS2S,Goods,60780000
4003036,DS2S,Goods,60790000
4003037,DS2S,Goods,60800000
4003038,DS2S,Goods,60810000
4003039,DS2S,Goods,60820000
4003040,DS2S,Goods,60830000
4003041,DS2S,Goods,60850000
4003042,DS2S,Goods,60870000
4003043,DS2S,Goods,60880000
4003044,DS2S,Goods,60900000
4003045,DS2S,Goods,60910000
4003046,DS2S,Goods,60920000
4003047,DS2S,Goods,60930000
4003048,DS2S,Goods,60940000
4003049,DS2S,Goods,60950000
4003050,DS2S,Goods,60960000
4003051,DS2S,Goods,60970000
4003052,DS2S,Goods,60975000
4003053,DS2S,Goods,60980000
4003054,DS2S,Goods,60990000
4003055,DS2S,Goods,61000000
4003056,DS2S,Goods,61030000
4003057,DS2S,Goods,61060000
4003058,DS2S,Goods,61070000
4003059,DS2S,Goods,61080000
4003060,DS2S,Goods,61090000
4003061,DS2S,Goods,61100000
4003062,DS2S,Goods,61110000
4003063,DS2S,Goods,61130000
4003064,DS2S,Goods,61140000
4003065,DS2S,Goods,61150000
4003066,DS2S,Goods,61160000
4003067,DS2S,Goods,62000000
4003068,DS2S,Goods,62020000
4003069,DS2S,Goods,62030000
4003070,DS2S,Goods,62040000
4003071,DS2S,Goods,62045000
4003072,DS2S,Goods,62050000
4003073,DS2S,Goods,62060000
4003074,DS2S,Goods,62070000
4003075,DS2S,Goods,62100000
4003076,DS2S,Goods,62110000
4003077,DS2S,Goods,62120000
4003078,DS2S,Goods,62130000
4003079,DS2S,Goods,62140000
4003080,DS2S,Goods,62150000
4003081,DS2S,Goods,62160000
4003082,DS2S,Goods,62170000
4003083,DS2S,Goods,62190000
4003084,DS2S,Goods,63000000
4003085,DS2S,Goods,63001000
4003086,DS2S,Goods,63003000
4003087,DS2S,Goods,63004000
4003088,DS2S,Goods,63005000
4003089,DS2S,Goods,63006000
4003090,DS2S,Goods,63007000
4003091,DS2S,Goods,63008000
4003092,DS2S,Goods,63009000
4003093,DS2S,Goods,63010000
4003094,DS2S,Goods,63011000
4003095,DS2S,Goods,63012000
4003096,DS2S,Goods,63013000
4003097,DS2S,Goods,63014000
4003098,DS2S,Goods,63015000
4003099,DS2S,Goods,63016000
4003100,DS2S,Goods,63017000
4003101,DS2S,Goods,63018000
4003102,DS2S,Goods,63019000
4003103,DS2S,Goods,63021000
4003104,DS2S,Goods,64000000
4003105,DS2S,Goods,64010000
4003106,DS2S,Goods,64020000
4003107,DS2S,Goods,64030000
4003108,DS2S,Goods,64040000
4003109,DS2S,Goods,64050000
4003110,DS2S,Goods,64060000
4003111,DS2S,Goods,64070000
4003112,DS2S,Goods,64080000
4003113,DS2S,Goods,64090000
4003114,DS2S,Goods,64100000
4003115,DS2S,Goods,64110000
4003116,DS2S,Goods,64120000
4003117,DS2S,Goods,64130000
4003118,DS2S,Goods,64140000
4003119,DS2S,Goods,64150000
4003120,DS2S,Goods,64160000
4003121,DS2S,Goods,64170000
4003122,DS2S,Goods,64180000
4003123,DS2S,Goods,64190000
4003124,DS2S,Goods,64200000
4003125,DS2S,Goods,64210000
4003126,DS2S,Goods,64220000
4003127,DS2S,Goods,64230000
4003128,DS2S,Goods,64240000
4003129,DS2S,Goods,64250000
4003130,DS2S,Goods,64260000
4003131,DS2S,Goods,64270000
4003132,DS2S,Goods,64280000
4003133,DS2S,Goods,64290000
4003134,DS2S,Goods,64300000
4003135,DS2S,Goods,64310000
4003136,DS2S,Goods,64320000
4003137,DS2S,Goods,64330000
4003138,DS2S,Goods,64500000
4003139,DS2S,Goods,64510000
4003140,DS2S,Goods,64520000
4003141,DS2S,Goods,64530000
4003142,DS2S,Goods,64540000
4003143,DS2S,Goods,64550000
4003144,DS2S,Goods,64560000
4003145,DS2S,Goods,64580000
4003146,DS2S,Goods,64590000
4003147,DS2S,Goods,64600000
4003148,DS2S,Goods,64610000
4003149,DS2S,Goods,65240000
4003150,DS2S,Goods,65250000
4003151,DS2S,Goods,65260000
4003152,DS2S,Goods,65270000
4003153,DS2S,Goods,65280000
4003154,DS2S,Goods,65290000
